Data Series,2021,2020,2019,2018,2017,2016,2015,2014,2013,2012,2011,2010,2009,2008,2007,2006,2005,2004,2003,2002,2001,2000
Residents,"3,986,842","4,044,210","4,026,209","3,994,283","3,965,796","3,933,559","3,902,690","3,870,739","3,844,751","3,818,205","3,789,251","3,771,721","3,733,876","3,642,659","3,583,082","3,525,894","3,467,814","3,413,266","3,366,891","3,382,944","3,325,902","3,273,363"
  Total HDB Dwellings,"3,090,959","3,152,410","3,154,524","3,149,249","3,156,575","3,162,636","3,162,357","3,154,691","3,147,634","3,136,924","3,120,823","3,111,083","3,090,463","3,017,728","2,962,077","2,921,412","2,887,618","2,860,404","2,835,299","2,847,905","2,812,379","2,787,664"
    HDB 1- And 2-Room Flats,"179,559","177,358","173,771","170,955","168,052","163,847","159,792","151,720","143,445","132,214","122,473","112,433","106,133","101,302","97,512","93,676","91,379","90,422","89,022","94,380","97,387","105,825"
    HDB 3-Room Flats,"557,100","575,200","580,233","584,821","590,806","599,416","604,579","609,833","612,096","621,569","629,207","632,538","632,943","617,559","609,024","605,224","608,511","618,003","633,407","655,820","677,179","710,485"
    HDB 4-Room Flats,"1,312,346","1,338,374","1,337,743","1,331,440","1,330,160","1,325,542","1,320,285","1,311,754","1,303,959","1,294,678","1,283,524","1,279,865","1,272,084","1,243,034","1,221,318","1,208,149","1,194,271","1,183,552","1,172,937","1,175,794","1,148,715","1,127,389"
    HDB 5-Room And Executive Flats,"1,041,954","1,061,478","1,062,777","1,062,033","1,067,557","1,070,978","1,074,735","1,077,664","1,081,223","1,080,226","1,077,235","1,076,353","1,069,368","1,046,011","1,022,687","1,002,746","981,865","956,836","927,187","906,031","868,694","821,882"
  Condominiums & Other Apartments,"620,246","607,937","587,860","562,228","525,584","484,544","452,998","425,994","407,454","393,721","383,257","373,852","357,532","344,689","348,155","335,199","312,134","288,546","268,063","259,451","235,248","207,005"
  Landed Properties,"240,841","248,860","249,077","248,240","249,408","250,745","251,082","252,814","251,347","249,548","247,556","248,189","246,126","242,625","240,877","238,516","237,295","235,369","233,863","242,331","243,108","241,684"
  Other Types Of Dwelling,"34,796","35,003","34,748","34,566","34,229","35,634","36,253","37,240","38,316","38,012","37,615","38,597","39,755","37,617","31,973","30,767","30,767","28,947","29,666","33,257","35,167","37,010"
0-4 Years,"178,435","183,076","185,355","185,528","187,653","187,160","183,575","181,369","183,295","186,673","188,249","194,432","197,788","193,889","193,626","194,479","199,529","204,819","209,903","217,798","222,991","225,705"
  Total HDB Dwellings,"138,502","144,145","146,195","147,012","150,516","152,004","150,367","149,709","152,005","155,549","157,545","163,155","166,987","163,479","162,664","164,278","170,163","176,480","182,327","189,346","194,458","198,145"
    HDB 1- And 2-Room Flats,"8,089","7,979","7,828","7,907","7,965","7,752","7,603","7,412","7,219","6,571","5,878","5,191","4,615","4,158","3,698","3,344","3,263","3,283","3,280","3,457","3,874","4,569"
    HDB 3-Room Flats,"17,317","18,996","19,909","20,485","21,322","22,121","22,114","22,289","22,558","23,932","25,342","26,854","28,277","27,235","26,796","27,103","28,417","30,169","32,526","34,415","35,589","36,567"
    HDB 4-Room Flats,"67,441","70,909","71,963","71,569","72,324","71,559","69,042","66,544","65,697","65,424","64,479","66,006","66,935","64,910","64,835","66,118","68,900","72,256","75,227","78,957","81,435","83,741"
    HDB 5-Room And Executive Flats,"45,655","46,261","46,495","47,051","48,905","50,492","51,520","53,355","56,342","59,407","61,618","64,854","66,919","66,951","67,059","67,424","69,260","70,432","70,884","71,939","72,721","72,228"
  Condominiums & Other Apartments,"31,528","30,611","30,803","29,965","28,214","25,800","23,679","22,001","21,407","21,235","21,015","21,285","20,791","20,642","21,548","21,161","20,002","18,793","17,642","17,381","16,243","14,509"
  Landed Properties,"7,890","7,779","7,777","7,851","8,163","8,533","8,659","8,825","8,977","8,929","8,803","8,934","8,764","8,595","8,313","8,049","8,380","8,572","8,908","9,815","10,757","11,452"
  Other Types Of Dwelling,515,541,580,700,760,823,870,834,906,960,886,"1,058","1,246","1,173","1,101",991,984,974,"1,026","1,256","1,533","1,599"
5-9 Years,"198,760","198,737","197,775","199,066","200,575","201,509","204,452","205,790","205,704","206,324","208,119","215,675","221,435","223,622","229,541","235,204","237,237","240,517","247,044","253,192","254,077","256,574"
  Total HDB Dwellings,"143,469","145,497","146,167","149,151","153,419","156,968","161,556","164,076","164,968","166,489","168,973","175,721","181,898","184,061","188,021","193,559","196,380","200,233","206,264","211,300","213,838","218,817"
    HDB1- And 2-Room Flats,"7,378","7,197","7,182","7,464","7,796","7,903","8,094","7,872","7,293","6,389","5,537","4,735","4,104","3,710","3,393","3,059","2,906","2,999","3,013","3,316","4,318","5,819"
    HDB 3-Room Flats,"18,585","19,798","20,492","21,381","22,382","23,365","24,386","25,109","25,516","26,269","26,714","27,565","28,370","28,154","28,171","28,750","28,795","29,574","30,783","32,213","36,031","44,318"
    HDB 4-Room Flats,"65,064","65,611","64,809","64,916","65,432","65,392","66,107","66,306","65,762","66,002","66,947","70,364","73,708","75,371","77,696","81,034","83,163","85,197","88,473","91,243","92,283","93,349"
    HDB 5-Room And Executive Flats,"52,442","52,891","53,684","55,390","57,809","60,200","62,850","64,651","66,181","67,589","69,509","72,708","75,343","76,423","78,224","80,117","80,854","81,717","83,101","83,321","79,500","73,317"
  Condominiums & Other Apartments,"44,016","41,916","40,229","38,410","35,460","32,461","30,617","29,080","28,054","27,063","26,440","26,736","26,238","25,929","27,483","27,311","26,123","24,704","24,095","23,769","21,232","18,080"
  Landed Properties,"10,630","10,555","10,570","10,660","10,791","11,080","11,241","11,606","11,588","11,600","11,519","11,989","11,958","12,287","12,662","13,114","13,576","14,306","15,314","16,453","17,043","17,418"
  Other Types Of Dwelling,645,769,809,845,905,"1,000","1,038","1,028","1,094","1,172","1,187","1,229","1,341","1,345","1,375","1,220","1,158","1,274","1,371","1,670","1,964","2,259"
10-14 Years,"199,993","206,393","207,926","206,530","206,253","207,495","214,388","220,796","226,244","233,320","240,536","244,302","248,628","253,796","255,292","256,482","258,553","257,283","259,124","257,692","246,972","235,352"
  Total HDB Dwellings,"143,778","150,676","153,260","154,403","157,104","160,924","168,505","175,901","181,834","188,562","195,124","198,219","202,214","206,166","206,529","208,232","210,815","210,946","213,264","212,574","205,239","197,568"
    HDB 1- And 2-Room Flats,"7,488","7,742","7,890","7,951","8,018","7,992","7,910","7,748","7,261","6,387","5,675","5,006","4,375","4,052","3,672","3,485","3,419","3,356","3,442","3,630","3,936","4,418"
    HDB 3-Room Flats,"20,073","21,835","22,690","23,112","23,589","24,091","25,258","26,342","26,953","27,971","28,965","28,665","28,647","28,306","28,009","28,547","29,768","31,098","33,729","35,652","37,269","39,875"
    HDB 4-Room Flats,"58,913","61,226","61,676","61,504","61,955","63,307","66,587","70,030","72,883","76,266","79,655","82,176","84,866","87,716","88,873","90,423","91,861","92,479","93,409","92,851","88,660","84,698"
    HDB 5-Room And Executive Flats,"57,304","59,873","61,004","61,836","63,542","65,409","68,612","71,612","74,405","77,508","80,366","81,759","83,653","85,346","85,035","84,757","84,657","82,885","81,418","78,946","73,413","66,600"
  Condominiums & Other Apartments,"42,727","41,933","40,703","38,371","35,337","32,373","30,914","29,532","28,691","28,456","28,560","28,821","28,407","28,718","29,153","28,160","26,700","24,894","23,735","22,387","19,594","16,838"
  Landed Properties,"12,776","12,991","13,191","12,960","12,964","13,264","13,915","14,311","14,558","15,076","15,545","15,942","16,551","17,432","18,239","18,783","19,693","20,071","20,586","21,020","20,331","19,093"
  Other Types Of Dwelling,712,793,772,796,848,934,"1,054","1,052","1,161","1,226","1,307","1,320","1,456","1,480","1,371","1,307","1,345","1,372","1,539","1,711","1,808","1,853"
15-19 Years,"204,913","215,234","222,222","226,520","232,973","239,771","242,902","247,337","255,066","258,861","260,738","263,750","262,775","262,856","257,298","246,547","234,921","227,417","214,074","209,687","210,903","211,286"
  Total HDB Dwellings,"151,259","161,230","168,968","174,718","182,255","190,208","194,575","199,244","206,288","209,863","211,810","214,395","214,281","214,637","210,289","202,341","194,002","188,800","179,276","176,835","179,187","180,828"
    HDB 1- And 2-Room Flats,"8,078","8,307","8,674","8,924","9,237","9,245","9,086","8,595","8,025","7,187","6,549","5,789","5,241","4,853","4,453","4,018","3,892","3,899","3,969","4,225","4,758","5,458"
    HDB 3-Room Flats,"21,600","23,346","24,481","25,288","26,141","27,316","27,778","28,298","29,039","30,019","30,569","30,999","31,127","31,671","31,328","31,253","31,456","32,472","33,568","35,759","39,382","43,898"
    HDB 4-Room Flats,"59,665","63,888","67,299","69,826","73,143","76,821","79,285","81,794","85,462","87,912","89,612","91,728","92,981","93,927","92,632","89,693","86,504","84,235","79,980","78,532","78,075","77,232"
    HDB 5-Room And Executive Flats,"61,916","65,689","68,514","70,680","73,734","76,659","78,237","80,322","83,210","84,036","84,280","84,881","83,900","83,153","80,748","76,277","71,147","67,237","60,764","57,189","55,409","52,540"
  Condominiums & Other Apartments,"38,440","38,096","37,003","35,440","33,757","31,848","30,192","29,165","28,802","28,551","27,992","27,249","25,966","25,238","24,277","22,408","20,164","18,426","16,040","14,556","13,382","12,263"
  Landed Properties,"14,343","15,006","15,282","15,466","16,087","16,738","17,112","17,759","18,606","19,015","19,509","20,556","20,866","21,334","21,364","20,535","19,539","18,958","17,438","16,875","16,856","16,587"
  Other Types Of Dwelling,871,902,969,896,874,977,"1,023","1,169","1,370","1,432","1,427","1,550","1,662","1,647","1,368","1,263","1,216","1,233","1,320","1,421","1,478","1,608"
20-24 Years,"237,720","244,537","249,079","255,516","259,072","260,854","264,127","263,918","266,889","264,506","255,069","247,190","241,753","225,385","218,485","219,631","218,951","215,217","215,412","216,313","214,636","212,236"
  Total HDB Dwellings,"186,122","192,423","197,454","203,941","208,219","211,026","215,017","216,055","219,254","218,221","211,443","205,486","201,936","189,599","184,184","185,583","185,863","183,668","184,423","185,589","184,248","183,046"
    HDB 1- And 2-Room Flats,"9,924","9,929","9,939","10,299","10,523","10,218","10,033","9,581","8,974","8,071","7,081","6,184","5,689","5,334","5,069","5,013","4,996","4,982","5,014","5,139","5,327","5,982"
    HDB 3-Room Flats,"26,463","27,456","27,918","28,619","29,373","30,481","31,694","32,658","33,620","34,252","34,270","34,191","34,979","34,136","34,678","36,356","38,314","39,925","42,597","45,861","49,198","52,895"
    HDB 4-Room Flats,"76,014","78,951","81,519","84,571","86,804","88,330","90,525","91,746","93,938","94,145","92,261","90,636","89,534","84,696","82,811","83,475","83,192","81,742","81,341","81,007","78,151","75,437"
    HDB 5-Room And Executive Flats,"73,721","76,087","78,078","80,452","81,519","81,762","82,515","81,744","82,014","80,895","77,032","73,581","70,879","64,619","60,754","59,849","58,495","56,104","54,511","52,427","50,074","47,144"
  Condominiums & Other Apartments,"34,240","33,817","32,712","32,063","30,866","29,040","27,421","25,721","24,705","23,409","21,898","20,575","19,244","17,267","16,789","16,562","15,745","14,546","13,645","12,945","12,019","10,869"
  Landed Properties,"16,143","17,045","17,615","18,339","18,851","19,369","20,045","20,198","20,678","20,745","19,909","19,059","18,584","16,908","16,190","16,180","16,025","15,677","15,820","15,952","16,431","16,306"
  Other Types Of Dwelling,"1,215","1,252","1,298","1,173","1,136","1,419","1,644","1,944","2,252","2,131","1,819","2,070","1,989","1,611","1,322","1,306","1,318","1,326","1,524","1,827","1,938","2,015"
25-29 Years,"278,037","286,997","288,194","291,631","290,198","279,988","271,030","265,659","255,615","254,582","262,606","272,639","274,308","263,114","254,523","251,659","247,799","246,713","250,878","262,720","262,754","267,161"
  Total HDB Dwellings,"225,547","232,921","234,747","238,548","238,980","232,715","227,079","223,675","217,281","217,667","225,138","233,875","236,524","226,896","217,963","214,873","212,425","212,640","217,438","227,740","229,210","234,929"
    HDB 1- And 2-Room Flats,"10,049","9,918","9,824","9,746","9,795","9,361","9,007","8,676","8,112","7,381","6,851","6,155","5,707","5,333","4,990","4,541","4,466","4,377","4,429","4,981","5,713","7,009"
    HDB 3-Room Flats,"33,545","35,219","36,181","37,536","38,372","38,610","38,757","39,346","38,954","40,963","44,114","47,719","50,139","48,506","47,320","47,401","48,306","49,982","53,493","58,114","61,375","65,724"
    HDB 4-Room Flats,"99,886","103,465","105,008","107,056","107,387","104,673","103,016","101,071","98,684","98,878","101,614","104,784","105,237","100,106","95,678","94,012","92,390","92,453","94,517","98,617","96,891","97,638"
    HDB 5-Room And Executive Flats,"82,067","84,319","83,734","84,210","83,426","79,844","76,090","74,304","70,994","69,832","71,925","74,469","74,659","72,214","69,147","68,103","66,451","65,042","64,168","64,953","63,954","63,225"
  Condominiums & Other Apartments,"34,068","33,961","33,127","32,353","30,134","26,765","24,241","22,606","20,438","19,695","20,179","20,898","20,111","19,107","20,022","20,115","18,875","17,579","16,698","16,654","14,971","12,701"
  Landed Properties,"17,232","18,896","19,092","19,460","19,711","19,014","18,033","17,644","16,145","15,313","15,273","15,481","15,044","14,810","14,508","14,727","14,577","14,491","14,620","15,954","16,089","16,814"
  Other Types Of Dwelling,"1,190","1,219","1,228","1,270","1,373","1,494","1,677","1,734","1,751","1,907","2,016","2,385","2,629","2,301","2,030","1,944","1,922","2,003","2,122","2,372","2,484","2,717"
30-34 Years,"301,060","297,798","293,446","281,397","279,340","285,544","290,619","292,287","296,870","295,396","297,555","298,687","297,240","289,817","294,453","293,251","293,414","290,489","287,304","289,184","286,690","290,290"
  Total HDB Dwellings,"243,970","242,736","239,934","231,391","231,766","239,090","245,125","248,551","253,094","252,074","253,474","253,751","253,442","247,159","249,368","248,802","250,802","250,079","248,949","250,498","249,771","255,755"
    HDB 1- And 2-Room Flats,"7,988","7,659","7,383","7,393","7,448","7,539","7,450","7,201","6,841","6,009","5,345","4,823","4,536","4,324","4,302","4,312","4,351","4,360","4,410","4,765","5,302","6,203"
    HDB 3-Room Flats,"38,150","38,703","38,725","38,329","39,536","41,834","44,011","45,975","47,335","48,882","50,770","51,972","52,457","50,437","50,265","49,685","50,232","50,534","52,193","53,913","55,058","58,334"
    HDB 4-Room Flats,"118,639","118,796","117,831","113,842","113,732","116,767","117,891","117,276","117,201","114,430","112,331","109,965","108,261","104,185","104,010","103,497","103,960","103,512","102,949","104,010","104,074","107,258"
    HDB 5-Room And Executive Flats,"79,193","77,578","75,995","71,827","71,050","72,790","75,607","77,864","81,338","82,284","84,543","86,374","87,620","87,692","90,137","90,683","91,675","91,112","88,795","86,981","84,395","82,896"
  Condominiums & Other Apartments,"41,257","39,079","38,005","35,412","33,357","31,824","30,522","28,575","28,193","27,818","28,321","28,731","27,513","26,880","29,360","29,243","27,376","25,197","23,143","22,583","20,483","17,554"
  Landed Properties,"14,385","14,538","14,057","13,114","12,657","12,846","13,027","13,047","13,255","13,058","13,337","13,498","13,400","13,171","13,312","13,018","13,092","13,149","13,091","13,778","14,013","14,380"
  Other Types Of Dwelling,"1,448","1,445","1,450","1,480","1,560","1,784","1,945","2,114","2,328","2,446","2,423","2,707","2,885","2,607","2,413","2,188","2,144","2,064","2,121","2,325","2,423","2,601"
35-39 Years,"289,221","299,515","300,818","303,720","300,956","301,998","301,067","302,029","305,503","313,970","316,161","320,024","317,311","307,243","301,973","298,203","299,153","302,908","310,643","320,753","322,878","322,621"
  Total HDB Dwellings,"221,876","231,776","233,930","237,856","238,954","242,354","243,732","246,019","249,264","256,374","258,711","262,331","261,611","253,244","247,895","246,224","249,582","254,807","262,765","271,175","274,097","275,959"
    HDB 1- And 2-Room Flats,"7,052","7,021","6,912","6,972","6,871","6,611","6,605","6,462","6,143","6,051","5,949","5,547","5,254","5,054","4,832","4,799","4,939","5,010","5,236","5,588","6,039","6,882"
    HDB 3-Room Flats,"36,514","39,078","40,218","41,872","42,834","44,590","45,676","46,593","47,669","49,855","50,920","51,468","51,171","48,990","47,973","47,849","49,323","51,323","54,005","57,030","59,407","62,269"
    HDB 4-Room Flats,"107,687","112,125","112,502","112,727","111,688","110,901","109,281","108,319","107,336","107,657","106,669","107,242","106,321","102,665","100,597","100,376","102,257","104,973","109,160","113,456","114,367","114,584"
    HDB 5-Room And Executive Flats,"70,623","73,552","74,298","76,285","77,561","80,109","81,997","84,436","87,728","92,365","94,723","97,585","98,379","96,082","93,958","92,624","92,478","92,891","93,599","94,074","92,804","90,443"
  Condominiums & Other Apartments,"54,568","54,289","53,325","51,866","47,625","44,437","41,713","39,609","39,364","39,944","39,674","39,458","37,660","36,543","37,304","35,766","33,361","31,323","30,125","30,000","28,061","25,009"
  Landed Properties,"11,243","11,918","11,981","12,295","12,470","13,106","13,403","13,986","14,268","14,962","15,056","15,482","15,223","14,807","14,331","13,909","14,026","14,577","15,407","16,944","17,835","18,592"
  Other Types Of Dwelling,"1,534","1,532","1,582","1,703","1,907","2,101","2,219","2,415","2,607","2,690","2,720","2,753","2,817","2,649","2,443","2,304","2,184","2,201","2,346","2,634","2,885","3,061"
40-44 Years,"292,770","299,291","300,763","303,640","311,484","313,445","316,755","316,023","312,581","308,823","306,614","309,441","312,983","317,363","321,049","323,017","321,472","321,057","318,282","320,863","317,996","312,420"
  Total HDB Dwellings,"215,081","221,288","223,336","227,509","236,674","242,006","247,442","249,370","248,245","246,762","246,738","250,582","255,239","259,563","261,968","264,759","264,773","265,861","264,585","267,001","265,468","262,232"
    HDB 1- And 2-Room Flats,"8,542","8,475","8,323","7,850","7,844","8,279","8,438","8,318","8,122","7,590","7,236","6,954","6,728","6,610","6,448","6,326","6,362","6,608","6,855","7,405","7,970","8,622"
    HDB 3-Room Flats,"38,822","40,405","41,371","42,940","45,184","46,488","47,569","47,908","47,742","48,223","49,021","50,297","51,803","52,714","53,663","54,342","54,786","55,860","56,680","58,610","60,548","63,318"
    HDB 4-Room Flats,"96,547","98,401","97,774","98,125","100,152","100,561","101,498","101,422","100,529","99,634","99,434","101,610","104,022","106,448","107,952","109,619","109,333","109,633","108,565","109,074","107,726","105,606"
    HDB 5-Room And Executive Flats,"71,170","74,007","75,868","78,594","83,494","86,492","89,739","91,491","91,484","90,894","90,595","91,152","92,119","93,190","93,130","93,578","93,322","92,704","91,240","90,337","87,120","82,302"
  Condominiums & Other Apartments,"62,891","62,176","61,030","59,246","57,014","52,909","49,869","46,676","44,415","42,476","40,626","39,444","38,159","37,555","38,405","37,069","34,886","32,698","30,680","29,653","27,377","24,430"
  Landed Properties,"13,247","14,163","14,609","14,932","15,728","16,318","17,030","17,517","17,395","17,095","16,777","16,862","16,924","17,503","18,051","18,616","19,290","19,968","20,468","21,550","22,366","22,748"
  Other Types Of Dwelling,"1,551","1,664","1,788","1,953","2,068","2,212","2,414","2,460","2,526","2,490","2,473","2,553","2,661","2,742","2,625","2,573","2,523","2,530","2,549","2,659","2,785","3,010"
45-49 Years,"300,125","311,740","311,682","307,838","303,457","301,183","303,413","308,533","316,336","320,925","323,991","323,459","322,497","318,078","315,552","312,858","307,546","300,671","292,791","286,738","274,569","262,201"
  Total HDB Dwellings,"217,875","228,505","230,541","230,679","231,443","234,198","240,023","246,846","254,959","260,192","263,727","263,601","263,613","260,599","258,362","256,658","252,963","247,936","242,015","236,958","227,712","217,917"
    HDB 1- And 2-Room Flats,"10,423","10,476","10,231","10,041","10,005","10,276","10,755","10,806","10,613","9,898","9,342","8,770","8,412","8,298","8,326","8,406","8,371","8,183","8,016","8,057","8,062","8,407"
    HDB 3-Room Flats,"41,425","43,905","44,340","44,529","44,807","45,752","47,143","49,275","51,467","53,410","54,918","54,994","55,077","54,432","54,350","54,422","54,741","54,538","55,271","55,978","56,583","57,809"
    HDB 4-Room Flats,"89,599","92,941","93,144","93,033","93,156","94,082","96,829","99,893","103,575","106,167","107,861","107,922","108,130","106,825","105,809","105,277","103,639","102,008","99,599","97,381","91,903","86,382"
    HDB 5-Room And Executive Flats,"76,428","81,183","82,826","83,076","83,475","83,922","85,118","86,635","88,847","90,127","90,941","91,110","91,112","90,108","88,720","87,375","84,980","81,976","77,816","74,012","69,098","63,144"
  Condominiums & Other Apartments,"63,774","63,531","61,194","57,420","52,171","47,109","43,368","40,863","39,668","38,484","37,578","36,385","34,868","33,289","32,934","31,633","29,676","27,579","25,580","24,090","21,446","19,091"
  Landed Properties,"16,639","17,808","18,071","17,831","17,793","17,663","17,786","18,434","19,013","19,460","19,973","20,672","21,152","21,433","21,797","22,206","22,503","22,755","22,673","23,081","22,764","22,423"
  Other Types Of Dwelling,"1,837","1,896","1,876","1,908","2,050","2,213","2,236","2,390","2,696","2,789","2,713","2,801","2,864","2,757","2,459","2,361","2,404","2,401","2,523","2,609","2,647","2,770"
50-54 Years,"285,962","296,068","301,682","308,965","312,814","315,598","315,091","315,503","312,988","310,376","308,130","303,044","297,383","289,189","279,220","266,994","254,168","244,110","233,180","230,367","223,842","206,657"
  Total HDB Dwellings,"216,576","227,285","234,631","242,985","248,778","253,729","255,201","256,890","256,259","255,239","253,979","249,941","245,139","238,500","229,673","219,772","209,558","202,095","193,637","190,082","184,889","171,020"
    HDB 1- And 2-Room Flats,"11,974","12,518","12,871","12,968","12,993","13,097","12,896","12,585","12,176","11,526","10,941","10,150","9,646","9,348","8,884","8,407","7,973","7,809","7,515","7,782","7,924","7,969"
    HDB 3-Room Flats,"41,880","44,482","46,407","48,531","50,108","51,622","52,255","53,116","53,225","53,671","54,483","54,106","53,502","52,792","51,752","50,559","49,504","49,658","49,720","51,314","53,262","52,523"
    HDB 4-Room Flats,"86,606","91,226","94,498","98,342","101,111","103,107","103,721","104,422","103,995","103,494","103,143","101,970","100,477","98,129","94,850","90,692","86,207","82,293","78,090","75,304","71,274","64,362"
    HDB 5-Room And Executive Flats,"76,116","79,059","80,855","83,144","84,566","85,688","86,096","86,470","86,208","85,709","84,560","82,686","80,480","77,201","73,092","69,038","64,839","61,251","57,114","54,122","50,460","44,115"
  Condominiums & Other Apartments,"50,636","49,225","47,021","45,106","42,581","39,624","37,050","35,013","32,837","31,231","29,979","28,639","27,296","26,088","25,300","23,631","21,418","19,409","17,367","17,088","15,460","13,333"
  Landed Properties,"16,885","17,624","17,997","18,653","19,132","19,754","20,210","20,888","21,145","21,251","21,586","21,911","22,358","22,098","21,845","21,323","20,941","20,467","20,066","20,896","21,029","19,781"
  Other Types Of Dwelling,"1,865","1,934","2,033","2,221","2,323","2,491","2,630","2,712","2,747","2,655","2,586","2,553","2,590","2,503","2,402","2,268","2,251","2,139","2,110","2,301","2,464","2,523"
55-59 Years,"298,226","305,830","306,759","304,390","301,678","299,591","295,063","288,392","281,069","271,817","260,678","248,696","239,947","229,356","220,983","214,601","197,803","174,788","157,894","143,175","125,449","125,061"
  Total HDB Dwellings,"238,715","245,288","247,491","246,817","246,038","245,893","243,163","238,087","232,703","225,488","216,258","206,206","198,918","190,143","182,376","176,833","163,160","144,495","131,123","118,421","104,153","104,748"
    HDB 1- And 2-Room Flats,"15,077","15,257","15,275","15,200","14,965","14,734","14,367","13,183","12,233","11,230","10,389","9,518","9,197","8,774","8,616","8,476","7,890","7,047","6,548","6,358","5,860","6,378"
    HDB 3-Room Flats,"48,178","49,802","50,296","50,323","50,563","51,321","51,412","50,994","50,882","50,649","49,841","48,529","47,883","46,796","46,201","46,500","44,517","41,373","39,383","36,750","33,861","35,988"
    HDB 4-Room Flats,"96,514","99,327","100,231","99,937","99,553","99,454","98,349","96,988","95,096","92,384","88,288","84,079","80,518","76,668","72,804","70,030","64,067","56,077","50,164","44,792","38,419","37,587"
    HDB 5-Room And Executive Flats,"78,946","80,902","81,689","81,357","80,957","80,158","78,799","76,605","73,820","70,470","67,000","63,245","60,437","57,023","53,661","50,734","45,637","39,057","34,079","29,517","24,957","23,738"
  Condominiums & Other Apartments,"38,997","38,676","37,022","35,127","32,900","30,517","28,583","26,805","25,123","23,473","22,215","20,489","19,199","17,846","17,511","16,692","14,708","12,572","10,571","9,379","7,533","6,746"
  Landed Properties,"18,246","19,388","19,719","19,936","20,222","20,642","20,815","20,967","20,669","20,350","19,760","19,608","19,487","19,062","18,968","18,955","17,863","15,882","14,449","13,587","11,997","11,595"
  Other Types Of Dwelling,"2,268","2,478","2,527","2,510","2,518","2,539","2,502","2,533","2,574","2,506","2,445","2,393","2,343","2,305","2,128","2,121","2,072","1,839","1,751","1,788","1,766","1,972"
60-64 Years,"282,612","284,626","278,828","271,688","262,651","251,853","240,493","231,502","222,154","213,996","208,160","191,995","169,696","153,161","135,501","118,242","117,575","122,736","121,724","123,438","118,506","110,503"
  Total HDB Dwellings,"231,862","233,428","229,076","223,221","216,223","208,022","198,879","191,479","183,838","177,048","171,949","158,647","140,100","126,698","111,864","97,796","97,994","103,203","102,980","104,076","99,874","93,037"
    HDB 1- And 2-Room Flats,"17,641","17,485","16,892","16,467","15,605","14,682","13,579","12,274","11,258","10,566","10,132","9,167","8,197","7,654","6,974","6,319","6,356","7,055","7,130","7,806","7,226","7,009"
    HDB 3-Room Flats,"47,317","48,240","47,658","47,399","46,618","45,833","44,863","44,528","44,102","44,142","44,639","42,593","38,688","35,815","32,454","28,904","29,945","32,786","34,196","35,355","35,449","34,090"
    HDB 4-Room Flats,"93,004","93,468","92,300","89,921","87,650","83,959","80,212","76,872","73,357","69,882","67,344","61,611","53,890","48,430","42,444","36,845","36,625","38,221","37,540","37,221","34,875","31,818"
    HDB 5-Room And Executive Flats,"73,900","74,235","72,226","69,434","66,350","63,316","59,993","57,488","54,558","51,764","49,153","44,515","38,648","34,162","29,349","25,180","24,555","24,662","23,615","23,029","21,572","19,406"
  Condominiums & Other Apartments,"29,291","28,871","27,444","26,336","24,474","22,506","20,786","19,388","17,974","17,016","16,208","14,547","12,699","11,082","9,887","8,353","7,610","7,237","6,635","6,570","5,980","5,228"
  Landed Properties,"18,722","19,573","19,623","19,466","19,315","18,733","18,313","18,130","17,841","17,580","17,556","16,502","14,817","13,488","12,165","10,658","10,407","10,716","10,499","10,968","10,775","10,400"
  Other Types Of Dwelling,"2,737","2,754","2,685","2,665","2,639","2,592","2,515","2,505","2,501","2,352","2,447","2,299","2,080","1,893","1,585","1,435","1,564","1,580","1,610","1,824","1,877","1,838"
65-69 Years,"235,391","229,396","221,296","212,101","203,969","198,020","182,425","161,198","145,817","128,879","112,396","111,511","116,258","115,185","113,757","108,837","101,088","96,007","89,883","89,587","89,676","88,305"
  Total HDB Dwellings,"194,248","188,645","181,847","173,904","166,911","162,333","149,609","132,053","119,928","106,322","92,727","92,739","97,159","96,395","95,348","91,061","84,450","80,743","75,802","75,141","75,330","74,218"
    HDB 1- And 2-Room Flats,"17,236","16,448","15,680","14,855","13,963","13,182","12,029","9,991","8,922","7,812","6,866","6,793","7,435","7,585","7,767","7,432","7,045","6,766","6,400","6,668","6,745","7,008"
    HDB 3-Room Flats,"42,212","41,986","41,384","40,493","40,076","40,443","38,220","34,948","32,647","29,976","26,807","27,574","29,542","29,951","30,017","29,188","27,560","26,862","25,623","25,276","25,757","25,515"
    HDB 4-Room Flats,"77,190","74,732","71,624","68,151","64,843","62,612","57,367","50,428","45,325","39,957","34,502","34,339","35,757","35,082","34,373","32,666","29,889","28,549","26,838","26,830","26,785","26,327"
    HDB 5-Room And Executive Flats,"57,610","55,479","53,159","50,405","48,029","45,863","41,764","36,424","32,616","28,147","24,188","23,637","24,050","23,435","22,770","21,397","19,615","18,249","16,623","15,971","15,643","14,961"
  Condominiums & Other Apartments,"21,374","20,783","19,671","18,789","18,007","16,736","15,103","13,213","11,333","9,527","8,089","7,507","7,362","7,268","7,153","6,745","5,969","5,161","4,423","4,396","4,108","3,724"
  Landed Properties,"16,812","17,033","16,892","16,606","16,439","16,342","15,292","13,729","12,513","11,218","9,888","9,526","9,848","9,596","9,627","9,466","9,155","8,727","8,273","8,444","8,445","8,381"
  Other Types Of Dwelling,"2,957","2,935","2,886","2,802","2,612","2,609","2,421","2,203","2,043","1,812","1,692","1,739","1,889","1,926","1,629","1,565","1,514","1,376","1,385","1,606","1,793","1,982"
70-74 Years,"181,326","170,008","150,127","135,546","119,494","103,796","102,631","106,815","105,746","104,414","100,073","92,618","87,428","81,307","78,631","78,317","76,545","72,485","70,002","70,642","69,048","66,948"
  Total HDB Dwellings,"147,919","137,939","121,738","109,823","96,995","84,462","84,178","87,994","87,588","86,768","83,082","76,784","72,454","67,366","65,404","65,303","63,895","60,638","58,325","58,231","56,806","55,028"
    HDB 1- And 2-Room Flats,"14,517","13,389","11,608","10,435","9,061","7,774","7,620","7,858","7,819","7,804","7,427","6,923","6,664","6,356","6,330","6,433","6,326","6,126","5,940","6,388","6,250","6,372"
    HDB 3-Room Flats,"36,208","34,498","31,302","29,048","26,170","23,169","23,651","25,391","26,005","26,361","25,898","24,311","22,818","21,115","20,407","20,213","19,796","19,058","18,332","18,054","17,823","17,500"
    HDB 4-Room Flats,"56,309","52,127","45,727","41,009","36,278","31,278","31,086","32,357","31,852","31,289","29,648","27,130","25,617","23,978","23,407","23,593","23,237","21,965","21,177","20,989","20,252","19,361"
    HDB 5-Room And Executive Flats,"40,885","37,925","33,101","29,331","25,486","22,095","21,671","22,224","21,695","21,065","19,860","18,172","17,129","15,722","15,024","14,858","14,347","13,331","12,680","12,552","12,186","11,494"
  Condominiums & Other Apartments,"15,722","15,054","13,305","11,883","10,080","8,228","7,614","7,491","7,166","6,734","6,365","5,705","5,152","4,671","4,496","4,223","3,886","3,516","3,332","3,440","3,244","2,984"
  Landed Properties,"14,565","14,054","12,501","11,473","10,376","9,217","8,872","9,180","8,897","8,842","8,570","8,272","7,959","7,499","7,346","7,370","7,220","6,961","6,887","7,186","6,994","6,786"
  Other Types Of Dwelling,"3,120","2,961","2,583","2,367","2,043","1,889","1,967","2,150","2,095","2,070","2,056","1,857","1,863","1,771","1,385","1,421","1,544","1,370","1,458","1,785","2,004","2,150"
75-79 Years,"90,978","90,990","94,600","93,327","91,953","87,955","81,211","76,294","70,619","67,675","66,909","65,178","61,490","59,001","56,732","54,413","51,601","47,875","42,863","45,830","42,501","39,644"
  Total HDB Dwellings,"73,134","73,394","76,526","75,648","74,697","71,583","66,019","62,050","57,446","55,218","54,675","53,333","50,092","47,787","46,288","44,335","41,998","39,539","35,465","37,234","34,493","32,314"
    HDB 1- And 2-Room Flats,"7,440","7,377","7,791","7,665","7,619","7,205","6,664","6,113","5,777","5,540","5,494","5,314","5,149","5,038","4,958","4,690","4,404","4,128","3,571","4,491","4,090","3,819"
    HDB 3-Room Flats,"19,769","20,234","21,606","21,850","21,805","21,281","19,760","18,562","17,148","16,629","16,466","16,059","14,920","14,050","13,512","12,909","12,224","11,734","10,593","11,125","10,487","9,967"
    HDB 4-Room Flats,"26,900","26,905","27,926","27,409","26,897","25,498","23,323","21,987","20,419","19,681","19,696","19,385","18,150","17,392","16,701","16,158","15,306","14,466","13,095","13,135","12,032","11,199"
    HDB 5-Room And Executive Flats,"19,025","18,878","19,203","18,724","18,376","17,487","16,174","15,291","13,978","13,244","12,919","12,457","11,759","11,191","10,970","10,437","9,925","9,082","8,069","8,300","7,659","7,094"
  Condominiums & Other Apartments,"7,500","7,268","7,311","7,128","6,823","6,199","5,664","5,082","4,491","4,118","3,850","3,552","3,316","3,217","3,209","3,042","2,809","2,372","2,047","2,288","2,059","1,789"
  Landed Properties,"8,057","7,927","8,169","7,892","7,917","7,736","7,367","7,068","6,711","6,434","6,396","6,284","6,057","6,002","5,820","5,581","5,291","4,749","4,239","4,650","4,437","4,242"
  Other Types Of Dwelling,"2,287","2,401","2,594","2,659","2,516","2,437","2,161","2,094","1,971","1,905","1,988","2,009","2,025","1,995","1,415","1,455","1,503","1,215","1,112","1,658","1,512","1,299"
80-84 Years,"71,555","66,513","62,293","57,103","54,341","53,556","51,785","48,418","46,199","44,115","42,145","39,839","37,143","33,882","31,519","29,443","27,879","26,864","25,783","25,213","23,897","22,876"
  Total HDB Dwellings,"56,793","52,601","49,238","45,012","43,021","42,687","41,364","38,433","36,452","34,738","33,086","31,332","29,116","26,570","25,134","23,407","22,107","21,667","20,888","20,309","19,172","18,404"
    HDB 1- And 2-Room Flats,"5,936","5,598","5,209","4,828","4,559","4,500","4,385","4,006","3,825","3,577","3,396","3,196","2,996","2,668","2,594","2,484","2,381","2,356","2,315","2,383","2,163","2,088"
    HDB 3-Room Flats,"16,649","15,381","14,414","13,148","12,554","12,322","11,826","10,972","10,240","9,808","9,382","8,868","8,199","7,359","7,026","6,480","6,171","6,256","6,077","5,872","5,809","5,755"
    HDB 4-Room Flats,"20,233","18,664","17,442","16,036","15,400","15,424","15,055","13,999","13,342","12,660","12,034","11,442","10,684","9,780","9,210","8,448","7,963","7,776","7,438","7,154","6,629","6,255"
    HDB 5-Room And Executive Flats,"13,975","12,958","12,173","11,000","10,508","10,393","10,058","9,406","8,983","8,616","8,191","7,732","7,138","6,671","6,194","5,895","5,499","5,201","4,975","4,784","4,420","4,164"
  Condominiums & Other Apartments,"5,283","4,971","4,553","4,069","3,761","3,395","3,151","2,860","2,705","2,552","2,497","2,246","2,062","1,890","1,837","1,686","1,540","1,441","1,344","1,312","1,214","1,110"
  Landed Properties,"6,479","6,255","5,925","5,621","5,411","5,318","5,216","5,099","5,005","4,814","4,524","4,249","3,922","3,559","3,370","3,177","3,085","2,952","2,829","2,829","2,741","2,598"
  Other Types Of Dwelling,"3,000","2,686","2,577","2,401","2,148","2,156","2,054","2,026","2,037","2,011","2,038","2,012","2,043","1,863","1,178","1,173","1,147",804,722,763,770,764
85-89 Years,"37,668","36,586","33,935","31,991","30,481","29,086","27,494","25,486","23,235","21,503","19,756","18,481","17,569","16,734","15,923","15,206","14,514","13,778","13,217","13,047","12,500","12,092"
  Total HDB Dwellings,"28,793","27,997","25,905","24,217","23,120","22,030","20,791","19,121","17,480","16,192","14,816","13,844","13,011","12,456","12,296","11,606","11,039","10,869","10,485","10,252","9,840","9,529"
    HDB 1- And 2-Room Flats,"2,991","2,928","2,690","2,541","2,440","2,261","2,131","1,963","1,794","1,645","1,517","1,384","1,328","1,334","1,371","1,336","1,279","1,316","1,241","1,256","1,204","1,226"
    HDB 3-Room Flats,"8,246","7,946","7,271","6,676","6,331","6,012","5,614","5,132","4,657","4,380","4,045","3,836","3,577","3,432","3,380","3,166","3,093","3,151","3,104","3,054","2,929","2,910"
    HDB 4-Room Flats,"10,503","10,266","9,572","9,003","8,515","8,098","7,643","7,054","6,436","5,970","5,361","4,980","4,685","4,518","4,407","4,135","3,886","3,772","3,554","3,484","3,332","3,145"
    HDB 5-Room And Executive Flats,"7,053","6,857","6,372","5,997","5,834","5,633","5,380","4,947","4,549","4,150","3,846","3,591","3,377","3,136","3,083","2,913","2,728","2,586","2,532","2,399","2,304","2,170"
  Condominiums & Other Apartments,"2,571","2,425","2,215","2,150","1,986","1,865","1,693","1,562","1,379","1,266","1,132","1,000",963,977,988,938,865,748,660,672,595,555
  Landed Properties,"3,934","3,854","3,735","3,605","3,465","3,274","3,060","2,834","2,566","2,348","2,188","2,105","2,053","1,937","1,886","1,850","1,717","1,574","1,516","1,578","1,512","1,452"
  Other Types Of Dwelling,"2,370","2,310","2,080","2,019","1,910","1,917","1,950","1,969","1,810","1,697","1,620","1,532","1,542","1,364",753,812,893,587,556,545,553,556
90 Years & Over,"22,090","20,875","19,429","17,786","16,454","15,157","14,169","13,390","12,821","12,050","11,366","10,760","10,244","9,681","9,024","8,510","8,066","7,532","6,890","6,705","6,017","5,431"
  Total HDB Dwellings,"15,440","14,636","13,540","12,414","11,462","10,404","9,732","9,138","8,748","8,158","7,568","7,141","6,729","6,410","6,451","5,990","5,649","5,705","5,288","5,143","4,594","4,170"
    HDB 1- And 2-Room Flats,"1,736","1,655","1,569","1,449","1,345","1,236","1,140","1,076","1,038",980,868,834,860,819,835,796,760,762,698,685,626,587
    HDB 3-Room Flats,"4,147","3,890","3,570","3,262","3,041","2,765","2,592","2,397","2,337","2,177","2,043","1,938","1,767","1,668","1,722","1,597","1,563","1,650","1,534","1,475","1,362","1,230"
    HDB 4-Room Flats,"5,632","5,346","4,898","4,463","4,140","3,719","3,468","3,246","3,070","2,846","2,645","2,496","2,311","2,208","2,229","2,058","1,892","1,945","1,821","1,757","1,552","1,410"
    HDB 5-Room And Executive Flats,"3,925","3,745","3,503","3,240","2,936","2,666","2,515","2,395","2,273","2,124","1,986","1,845","1,767","1,692","1,632","1,507","1,401","1,317","1,204","1,178","1,005",901
  Condominiums & Other Apartments,"1,363","1,255","1,187","1,094","1,037",908,818,752,709,673,639,585,526,482,499,461,421,351,301,288,247,192
  Landed Properties,"2,613","2,453","2,271","2,080","1,916","1,798","1,686","1,592","1,517","1,458","1,387","1,257","1,159","1,104","1,083",999,915,817,780,771,693,636
  Other Types Of Dwelling,"2,674","2,531","2,431","2,198","2,039","2,047","1,933","1,908","1,847","1,761","1,772","1,777","1,830","1,685",991,"1,060","1,081",659,521,503,483,433