,,,,,,,,,,,,,,,,,,,,,,,,,,,,,,,,,,,,,,,,,,
Theme: Population,,,,,,,,,,,,,,,,,,,,,,,,,,,,,,,,,,,,,,,,,,
Subject: Population and Population Structure,,,,,,,,,,,,,,,,,,,,,,,,,,,,,,,,,,,,,,,,,,
Topic: Key Annual Indicators on Population,,,,,,,,,,,,,,,,,,,,,,,,,,,,,,,,,,,,,,,,,,
"Table Title: Singapore Residents By Single Year Of Age And Sex, At End June, Annual",,,,,,,,,,,,,,,,,,,,,,,,,,,,,,,,,,,,,,,,,,
,,,,,,,,,,,,,,,,,,,,,,,,,,,,,,,,,,,,,,,,,,
Data last updated: 19/11/2021,,,,,,,,,,,,,,,,,,,,,,,,,,,,,,,,,,,,,,,,,,
Source: SINGAPORE DEPARTMENT OF STATISTICS,,,,,,,,,,,,,,,,,,,,,,,,,,,,,,,,,,,,,,,,,,
,,,,,,,,,,,,,,,,,,,,,,,,,,,,,,,,,,,,,,,,,,
,,,,,,,,,,,,,,,,,,,,,,,,,,,,,,,,,,,,,,,,,,Number
Data Series,2021 ,2020 ,2019 ,2018 ,2017 ,2016 ,2015 ,2014 ,2013 ,2012 ,2011 ,2010 ,2009 ,2008 ,2007 ,2006 ,2005 ,2004 ,2003 ,2002 ,2001 ,2000 ,1999 ,1998 ,1997 ,1996 ,1995 ,1994 ,1993 ,1992 ,1991 ,1990 ,1989 ,1988 ,1987 ,1986 ,1985 ,1984 ,1983 ,1982 ,1981 ,1980 
Singapore Residents,3986842,4044210,4026209,3994283,3965796,3933559,3902690,3870739,3844751,3818205,3789251,3771721,3733876,3642659,3583082,3525894,3467814,3413266,3366891,3382944,3325902,3273363,3229681,3180018,3123403,3068132,3013515,2959350,2904547,2849754,2794704,2735868,2647627,2598458,2553864,2518598,2482615,2443705,2406165,2365707,2324403,2282125
  0 Year,31611,33434,32967,32664,33374,34640,34559,32782,33912,33237,31172,32788,35145,37444,35770,35563,35003,34434,36835,37397,41768,40813,41427,44961,45693,46690,47566,49125,48702,48136,50338,46645,50886,46695,39345,40841,42487,39990,42112,41039,40676,35380
  1 Year,36172,35585,35454,36123,37714,37740,35919,37271,36304,34602,35916,38350,41023,38819,38543,38179,37296,39270,39859,44671,43636,42294,45881,46593,47462,48321,49789,49276,48695,50712,47079,51491,46195,38371,39508,41005,38677,40951,40133,40253,35882,37330
  2 Year,36092,36387,37267,38787,39002,36905,38394,37098,35313,37217,38662,41562,40480,39133,39047,38227,40102,40392,45052,44774,42966,46369,47162,48083,48820,50272,49690,49062,51074,47448,51862,46706,38511,39644,41075,38763,41107,40279,40422,36413,37645,35816
  3 Year,36644,37823,39428,39727,37738,39141,38108,35890,37847,39509,41662,40869,40522,39386,38895,40843,41046,45593,44793,43567,46841,47518,48506,49281,50711,50159,49401,51354,47827,52204,47022,38982,39789,41183,38859,41191,40405,40558,36909,37930,36083,38649
  4 Year,37916,39847,40239,38227,39825,38734,36595,38328,39919,42108,40837,40863,40618,39107,41371,41667,46082,45130,43364,47389,47780,48711,49638,51154,50574,49707,51644,48205,52473,47251,39218,40225,41306,38974,41282,40456,40672,37370,38182,36329,38852,38665
  5 Year,39696,40464,38675,40338,39291,37071,38878,40150,42183,41166,40922,40915,40130,41610,42138,46577,45621,43657,46678,48340,49164,49839,51492,51054,50003,51952,48595,52742,47438,39472,40526,41755,39159,41551,40694,40885,37739,38369,36539,39098,38777,39098
  6 Year,40256,39002,40817,39717,37574,39391,40551,42433,41212,41091,40932,40472,42534,42423,47233,46223,44246,47511,48038,49887,50347,51680,51343,50297,52286,48974,53006,47634,39655,40737,42043,39527,41642,40752,40927,38172,38592,36752,39308,38877,39286,42551
  7 Year,38767,40966,40079,37865,39756,40893,42589,41285,41077,41011,40447,42698,43199,47585,46605,44763,48078,48711,49829,50830,52138,51543,50470,52632,49351,53204,47811,39839,40884,42242,39738,41980,40789,40978,38602,38796,36952,39498,38954,39459,42735,45961
  8 Year,40395,40230,38047,39996,41068,42721,41338,41068,40844,40457,42593,43291,48195,46780,44997,48384,49014,50004,50526,52355,51578,50548,52851,49729,53473,47997,39988,41032,42399,39879,42196,41064,41024,39032,38999,37135,39683,39016,39605,42907,46112,44654
  9 Year,39646,38075,40157,41150,42886,41433,41096,40854,40388,42599,43225,48299,47377,45224,48568,49257,50278,50634,51973,51780,50850,52964,49993,53728,48198,40143,41185,42577,39984,42394,41305,41302,39456,39221,37331,39856,39075,39755,43068,46258,44755,44366
  10 Year,37513,40154,41315,42912,41480,41078,40813,40388,42524,43157,48205,47465,45779,48864,49445,50462,50859,52049,51449,51045,53102,50198,53882,48404,40370,41329,42735,40074,42517,41473,41571,40102,39417,37529,40030,39125,39902,43220,46389,44843,44387,41098
  11 Year,39485,41149,42981,41406,41125,40810,40316,42391,43040,48131,47256,45821,49336,49675,50528,51033,52211,51452,50780,53238,50253,53996,48504,40563,41536,42901,40179,42654,41600,41742,40331,39856,37715,40216,39172,40031,43374,46515,44921,44404,41202,42496
  12 Year,40383,42817,41510,41060,40866,40324,42360,43009,48016,47236,45716,49364,50188,50888,51120,52316,51586,50786,52814,50365,54021,48572,40670,41699,43098,40302,42754,41739,41877,40471,40038,38159,40398,39225,40158,43512,46629,44998,44408,41299,42506,45361
  13 Year,42046,41273,41233,40808,40420,42373,42993,47955,47098,45670,49227,50216,51406,51549,52437,51630,50926,52858,50111,54153,48810,40741,41794,43261,40401,42857,41844,41998,40521,40148,38289,40798,39266,40288,43648,46737,45068,44409,41379,42516,45376,47711
  14 Year,40566,41000,40887,40344,42362,42910,47906,47053,45566,49126,50132,51436,51919,52820,51762,51041,52971,50138,53970,48891,40786,41845,43342,40516,42985,41932,42073,40567,40184,38336,40926,39561,40409,43791,46836,45113,44392,41445,42509,45382,47703,51480
  15 Year,40280,40775,40669,42479,43100,48025,47181,45629,49127,50184,51439,52026,53203,52341,51194,53145,50280,54014,48666,40893,41986,43394,40565,43085,42041,42137,40600,40229,38328,40990,39627,40762,43920,46929,45145,44351,41489,42478,45343,47666,51422,51697
  16 Year,39954,40367,42557,43014,47988,47124,45547,48993,50002,51307,51939,53232,52613,51615,53141,50294,54019,48521,40623,42035,43255,40549,43106,42111,42177,40589,40238,38308,40981,39619,40801,44386,47017,45171,44315,41524,42440,45318,47628,51383,51652,54767
  17 Year,39564,42412,43128,47986,47144,45567,49005,49904,51158,51830,53053,52582,51869,53557,50306,54043,48480,40488,41701,43201,40631,43027,42109,42183,40573,40222,38252,40963,39570,40755,44351,47530,45178,44255,41555,42385,45276,47566,51312,51594,54697,54050
  18 Year,42068,43232,48341,47258,45663,49067,49987,51112,51752,52994,52511,51878,53966,50746,54059,48514,40478,41606,42817,40581,42965,42082,42180,40559,40228,38227,40992,39599,40747,44315,47528,45683,44188,41589,42333,45225,47508,51247,51518,54622,53972,54278
  19 Year,43047,48448,47527,45783,49078,49988,51182,51699,53027,52546,51796,54032,51124,54597,48598,40551,41664,42788,40267,42977,42066,42234,40640,40344,38409,41205,39817,40902,44458,47652,45850,44944,41645,42298,45193,47453,51184,51474,54570,53909,54268,55744
  20 Year,47963,47492,45880,49185,49982,51111,51683,52952,52605,51894,53958,51293,55084,49102,40797,41959,42965,40229,42478,42311,42337,40960,40706,38832,41724,40308,41429,44932,48214,46403,45520,42933,42342,45196,47424,51145,51453,54547,53882,54309,55787,56187
  21 Year,46755,45740,49141,49961,51002,51652,52925,52494,51844,54074,51256,55333,49813,41423,42461,43581,40828,42785,41857,43054,41571,41303,39532,42444,41002,42336,45802,49094,47462,46624,43919,43998,45340,47494,51149,51467,54582,53924,54416,55900,56315,55814
  22 Year,44834,49102,50013,50987,51534,52752,52445,51746,54011,51321,55265,50380,42556,43352,44330,41820,44153,42966,42956,42779,42239,40532,43588,41962,43308,46823,50178,48500,47883,45116,45136,47395,47651,51272,51502,54584,53977,54511,56001,56482,56032,54510
  23 Year,48338,50210,51433,51758,53056,52673,52013,54216,51785,55756,50591,43546,45288,45971,43263,45616,44757,44372,43264,44082,41882,44924,43259,44549,48004,51325,49730,49051,46463,46470,48714,50151,51681,51922,54824,54187,54879,56364,56881,56542,55079,54104
  24 Year,49830,51993,52612,53625,53498,52666,55061,52510,56644,51461,43999,46638,49012,45537,47634,46655,46248,44865,44857,44087,46607,44517,45946,49473,52726,50973,50286,47676,47846,50192,51370,54510,52545,55391,54518,55217,56796,57352,57106,55747,54867,51563
  25 Year,51948,53526,54848,54602,53986,56188,53813,58016,52790,45178,47128,50448,49189,50240,48967,48084,46659,46394,45077,49057,46390,47121,50837,54190,52321,51550,48814,48971,51449,52545,55678,55224,56093,55199,55665,57203,57877,57710,56439,55728,52528,50425
  26 Year,53792,56169,55958,55345,57887,55031,59717,54201,46571,48298,50941,50518,54295,51529,50386,48611,48047,46319,49817,48612,48809,51902,55451,53683,52908,50012,50045,52482,53513,56776,56279,58511,55733,56263,57581,58226,58185,56988,56391,53342,51312,49369
  27 Year,56547,57135,56940,59374,56782,61112,55903,47884,49624,52070,50874,55591,55965,53072,50847,50059,48010,51179,49320,50718,53271,56383,54825,54252,51298,51230,53516,54392,57730,57252,59400,58014,56747,58007,58472,58443,57335,56845,53911,51964,50100,46378
  28 Year,57514,58174,60921,58092,62843,57195,49340,50876,53515,52080,55912,57471,57310,53479,52352,49910,52938,50437,51304,55102,57498,55616,55412,52612,52516,54586,55224,58553,58061,60258,58864,58851,58349,58749,58654,57526,57172,54329,52443,50671,47017,44324
  29 Year,58236,61993,59527,64218,58700,50462,52257,54682,53115,56956,57751,58611,57549,54794,51971,54995,52145,52384,55360,59231,56786,56139,53692,53780,55726,56104,59412,58865,61036,59659,59618,60340,59043,58921,57711,57393,54673,52835,51142,47545,44888,42299
  30 Year,61866,60338,65537,59750,51609,53204,55717,53933,57984,58654,58809,58714,58492,54118,56990,53915,54136,56342,59211,58329,57048,54326,54722,56800,57089,60302,59647,61714,60428,60271,60981,60759,59170,57959,57605,54924,53189,51576,48012,45403,42811,43367
  31 Year,60002,66176,60724,52459,54228,56530,54762,58699,59374,59450,58795,59486,57151,58616,55545,55774,57860,60104,58195,58343,55026,55312,57609,58093,61208,60510,62482,61114,60899,61563,61327,60911,58131,57886,55177,53438,51940,48417,45818,43242,43754,42663
  32 Year,65456,61327,53182,54948,57228,55306,59378,59815,59911,59146,59548,58067,61530,56870,57288,59382,61430,59011,58002,56113,55833,58118,58878,62135,61303,63273,61760,61453,62022,61809,61468,59613,58171,55479,53691,52226,48793,46197,43624,44102,42990,40202
  33 Year,60559,53850,55603,57809,55949,59811,60328,60177,59393,59863,58072,62374,59390,58541,60728,62794,60196,58683,55721,56724,58928,59333,62790,62200,64028,62478,61998,62501,62176,61874,60102,59700,55787,53952,52485,49083,46500,43932,44375,43233,40514,40411
  34 Year,53177,56107,58400,56431,60326,60693,60434,59663,60208,58283,62331,60046,60677,61672,63902,61386,59792,56349,56175,59675,59855,63201,62868,64875,63145,62531,62937,62553,62207,60511,60144,57340,54270,52756,49365,46742,44183,44598,43396,40776,40709,27607
  35 Year,55400,58702,56905,60668,61047,60675,59899,60336,58299,62454,60088,61169,63404,64606,62348,60716,57137,56668,58947,60472,63699,63256,65411,63867,63014,63361,62915,62533,60856,60488,57789,55643,53046,49689,47005,44428,44816,43574,41035,41000,27825,21959
  36 Year,57756,57119,60997,61266,60864,60044,60485,58331,62510,60061,61069,63923,66309,62937,61544,57928,57383,59351,59692,64294,63474,65754,64389,63527,63785,63301,62846,61139,60819,58098,56023,54317,50003,47288,44664,44993,43726,41247,41253,28023,22119,26728
  37 Year,56128,61119,61516,61025,60143,60522,58359,62419,59994,61185,63839,66634,64452,61949,58580,58081,59900,60020,63439,63922,66273,64756,63916,64172,63583,63164,61481,61115,58384,56299,54737,51185,47575,44923,45158,43817,41419,41481,28171,22257,26937,23380
  38 Year,59856,61494,61159,60243,60537,58416,62443,59931,61035,63813,66522,64796,63168,58940,58611,60475,60549,63712,62980,66668,65069,64181,64465,63917,63426,61854,61357,58640,56547,54986,51568,48735,45152,45328,43921,41570,41682,28288,22338,27112,23534,24242
  39 Year,60081,61081,60241,60518,58365,62341,59881,61012,63665,66457,64643,63502,59978,58811,60890,61003,64184,63157,65585,65397,64363,64674,64109,63726,62135,61585,58836,56707,55173,51817,49074,46113,45493,44022,41708,41832,28374,22406,27256,23653,24376,28387
  40 Year,59496,60080,60509,58334,62251,59810,60833,63618,66265,64578,63290,60194,59698,61075,61242,64518,63532,65759,64314,64601,64662,64220,63882,62366,61790,59020,56854,55332,52004,49260,46358,46489,44131,41855,41963,28432,22441,27375,23754,24471,28492,29115
  41 Year,58569,60227,58334,62114,59723,60665,63483,66062,64422,63171,59980,59921,61803,61296,64691,63814,65926,64430,63507,64838,64513,63969,62586,62011,59141,57036,55503,52135,49396,46513,46742,44896,41981,42103,28479,22437,27473,23804,24523,28549,29121,28237
  42 Year,58580,58093,61968,59650,60591,63367,65902,64184,62993,59858,59778,62055,61834,64753,64006,66154,64674,63549,63743,64635,64049,62721,62130,59263,57116,55660,52248,49514,46619,46905,45112,42773,42245,28514,22413,27514,23831,24563,28572,29104,28219,23156
  43 Year,56334,61660,59620,60449,63218,65813,63942,62811,59603,59601,61836,61946,65242,64009,66234,64770,63597,63718,63602,64097,62729,62185,59320,57237,55770,52352,49577,46703,47015,45237,42957,42946,28546,22402,27572,23856,24580,28592,29085,28177,23136,20952
  44 Year,59791,59231,60332,63093,65701,63790,62595,59348,59298,61615,61730,65325,64406,66230,64876,63761,63743,63601,63116,62692,62043,59325,57322,55879,52442,49618,46814,47099,45284,43086,43041,28959,22365,27628,23878,24599,28595,29045,28105,23103,20817,22629
  45 Year,57552,59925,62896,65570,63668,62487,59147,59055,61310,61505,65165,64448,66602,64807,63708,63819,63612,63095,61721,62065,59466,57317,55937,52541,49659,46857,47174,45404,43148,43105,29082,22666,27665,23870,24591,28578,28971,28022,23037,20680,22422,22981
  46 Year,58103,62527,65365,63406,62324,58992,58817,60973,61196,64870,64244,66596,65066,63567,63860,63600,63065,61682,61099,59431,57278,55905,52566,49687,46899,47203,45451,43191,43134,29144,22785,28045,23885,24595,28570,28890,27923,22988,20523,22192,23020,20448
  47 Year,60627,64961,63186,62097,58744,58594,60799,60959,64553,64046,66359,65087,63686,63699,63524,63043,61639,61053,58617,57211,55838,52541,49689,46928,47215,45466,43201,43111,29155,22845,28082,24139,24610,28557,28805,27825,22906,20356,21939,23042,20506,20546
  48 Year,63013,62836,61900,58577,58402,60596,60722,64217,63652,66015,64825,63652,63731,63323,62928,61578,60883,58502,56385,55791,52335,49610,46895,47221,45474,43182,43088,29187,22838,28080,24188,24846,28520,28725,27729,22822,20162,21680,23068,20556,20516,19501
  49 Year,60830,61491,58335,58188,60319,60514,63928,63329,65625,64489,63398,63676,63412,62682,61532,60818,58347,56339,54969,52240,49652,46828,47196,45487,43178,43061,29172,22870,28057,24211,24868,28743,28612,27630,22736,19967,21381,23084,20599,20454,19476,19486
  50 Year,59488,57874,57863,60076,60219,63657,63010,65309,64122,63029,63392,63241,62639,61232,60666,58245,56157,54801,50710,49556,46693,47090,45413,43101,42995,29119,22886,28002,24197,24865,28713,28746,27484,22634,19747,21091,23045,20625,20369,19393,19368,19935
  51 Year,55994,57508,59799,59890,63296,62675,64879,63745,62637,63020,62976,62271,61200,60432,58168,56055,54595,50691,48097,46552,46919,45306,43007,42890,29059,22853,27948,24164,24842,28646,28695,27549,22517,19521,20812,23023,20638,20291,19321,19247,19792,19336
  52 Year,55655,59381,59594,63018,62380,64597,63350,62247,62603,62595,62010,60582,60283,57911,55869,54435,50524,48076,45205,46767,45024,42836,42772,28985,22802,27863,24138,24771,28590,28593,27476,22554,19278,20510,22980,20665,20210,19275,19129,19671,19234,18413
  53 Year,57517,59138,62673,62091,64205,63039,61899,62305,62277,61742,60319,59684,57804,55611,54243,50454,47932,45129,45481,44855,42809,42631,28890,22732,27764,24051,24705,28490,28480,27395,22487,19179,20234,22943,20680,20098,19216,19000,19515,19107,18357,16942
  54 Year,57308,62167,61753,63890,62714,61630,61953,61897,61349,59990,59433,57266,55457,54003,50274,47805,44960,45413,43687,42637,42397,28794,22656,27632,23957,24611,28390,28383,27291,22402,19119,20064,22897,20673,19978,19149,18838,19328,18963,18260,16908,15548
  55 Year,60146,61316,63544,62386,61276,61714,61523,61067,59712,59203,56983,54824,53876,50109,47668,44908,45272,43599,41528,42170,28614,22540,27501,23849,24463,28280,28232,27175,22325,19030,19955,22953,20636,19837,19063,18674,19147,18831,18142,16850,15460,14807
  56 Year,59354,62966,61963,60982,61336,61151,60709,59397,58824,56643,54552,53280,49957,47386,44713,45115,43399,41410,41081,28448,22329,27344,23726,24321,28146,28061,27000,22229,18943,19883,22817,20695,19700,18951,18506,18963,18656,18034,16796,15357,14690,14321
  57 Year,60883,61377,60573,61000,60745,60295,59023,58443,56314,54217,53032,49672,47252,44450,44917,43165,41215,40940,27508,22196,27281,23597,24165,28003,27895,26864,22112,18841,19741,22620,20540,19645,18823,18354,18761,18447,17878,16745,15248,14584,14192,14135
  58 Year,59501,60069,60659,60376,59988,58680,58126,56007,53863,52675,49402,46930,44325,44711,42970,40962,40684,27435,21492,27072,23433,23986,27807,27672,26685,21967,18737,19607,22457,20385,19468,18771,18177,18536,18265,17733,16624,15123,14460,14024,13999,13116
  59 Year,58342,60102,60020,59646,58333,57751,55682,53478,52356,49079,46709,43990,44537,42700,40715,40451,27233,21404,26285,23289,23792,27594,27432,26490,21814,18580,19450,22276,20213,19309,18618,18038,18309,18058,17584,16529,14960,14275,13829,13851,13026,13068
  60 Year,58272,59469,59265,57982,57339,55254,53107,52011,48778,46381,43735,44195,42554,40496,40247,27076,21215,26184,22522,23588,27304,27150,26270,21625,18448,19270,22078,20039,19135,18458,17843,18138,17815,17393,16400,14828,14073,13636,13670,12906,12866,13089
  61 Year,57701,58696,57566,56925,54871,52720,51637,48388,46040,43389,43904,42197,40263,39935,26883,21112,26014,22408,22820,27015,26959,26002,21420,18252,19074,21840,19837,18942,18230,17603,17899,17617,17188,16308,14691,13881,13452,13516,12807,12679,12879,12066
  62 Year,57013,57023,56532,54506,52319,51278,48063,45622,43055,43497,41940,39968,39680,26685,20964,25825,22236,22643,26112,26684,25717,21205,18046,18826,21609,19634,18724,18016,17387,17694,17374,17024,16174,14512,13680,13245,13315,12695,12450,12633,11841,11820
  63 Year,55327,55948,54033,51866,50862,47695,45291,42734,43126,41541,39604,39349,26544,20744,25588,22020,22438,25958,25744,25462,20962,17847,18586,21322,19384,18516,17789,17138,17422,17153,16781,16074,14320,13462,13040,13127,12533,12177,12370,11608,11575,11153
  64 Year,54299,53490,51432,50409,47260,44906,42395,42747,41155,39188,38977,26286,20655,25301,21819,22209,25672,25543,24526,20689,17564,18299,21048,19154,18252,17529,16900,17173,16889,16485,15831,14168,13234,12813,12929,12376,11929,12094,11364,11349,10930,10321
  65 Year,51876,50893,49966,46868,44489,42023,42339,40723,38787,38555,26049,20377,25141,21577,21950,25417,25228,24239,19931,17317,18074,20723,18881,17990,17285,16616,16901,16596,16190,15550,13925,13045,12553,12736,12235,11648,11816,11096,11103,10705,10106,10401
  66 Year,49377,49409,46445,44043,41568,41908,40266,38370,38130,25702,20180,24834,21350,21689,25137,24880,23967,19682,16595,17802,20401,18597,17713,16993,16303,16600,16323,15862,15225,13665,12777,12343,12492,12085,11372,11546,10815,10832,10494,9843,10110,9696
  67 Year,47946,45852,43621,41162,41445,39897,37914,37661,25412,19924,24530,21110,21429,24789,24561,23675,19381,16369,17032,20058,18218,17394,16669,15973,16260,16008,15490,14900,13387,12536,12057,12281,11872,11062,11269,10554,10575,10282,9584,9810,9423,9974
  68 Year,44429,43078,40724,41040,39440,37493,37179,25067,19630,24208,20823,21131,24485,24204,23308,19095,16060,16784,19270,17856,16991,16343,15620,15899,15671,15165,14556,13121,12268,11761,11905,11747,10756,10949,10267,10292,10037,9325,9524,9162,9655,9437
  69 Year,41763,40164,40540,38988,37027,36699,24727,19377,23858,20490,20814,24059,23853,22926,18801,15770,16452,18933,17055,16554,15992,15248,15507,15263,14805,14200,12822,11960,11451,11494,11323,10480,10626,9970,10035,9797,9056,9196,8899,9336,9147,8914
  70 Year,38931,39934,38506,36520,36127,24362,19074,23491,20129,20417,23664,23478,22567,18460,15511,16140,18511,16705,15714,15604,14868,15088,14875,14422,13843,12515,11617,11121,11096,10920,10072,10300,9589,9738,9557,8800,8898,8613,9015,8833,8568,8149
  71 Year,38621,37916,35932,35584,23995,18785,23113,19787,20068,23246,23076,22146,18148,15197,15791,18137,16340,15337,14741,14464,14648,14552,14027,13470,12179,11255,10777,10645,10488,9683,9899,9283,9408,9288,8526,8549,8313,8729,8514,8230,7832,7108
  72 Year,36635,35297,34933,23585,18428,22706,19408,19663,22763,22584,21684,17798,14910,15395,17700,15963,14930,14421,13569,14228,14119,13611,13083,11786,10915,10360,10217,10051,9276,9497,8905,9103,8997,8234,8229,8004,8385,8202,7871,7460,6797,6770
  73 Year,34026,34247,23130,18057,22279,19089,19277,22290,22093,21200,17393,14556,15029,17194,15517,14515,13979,13208,13268,13635,13178,12696,11401,10568,9993,9723,9595,8850,9069,8480,8667,8742,7936,7910,7714,8063,7890,7528,7098,6490,6443,5685
  74 Year,33113,22614,17626,21800,18665,18854,21759,21584,20693,16967,14256,14640,16774,15061,14112,13562,12785,12814,12710,12711,12235,11001,10208,9609,9246,9105,8392,8616,8059,8207,8326,7619,7569,7396,7702,7542,7186,6748,6167,6084,5424,5041
  75 Year,21754,17196,21317,18248,18403,21238,21031,20177,16545,13855,14256,16263,14608,13673,13141,12375,12377,12239,10866,11724,10565,9833,9226,8749,8582,7947,8133,7615,7765,7878,7248,7201,na,na,na,na,na,na,na,na,na,4539
  76 Year,16549,20753,17819,17911,20707,20456,19593,16085,13452,13848,15715,14077,13207,12637,11921,11930,11775,10693,9858,10121,9376,8789,8284,8091,7534,7635,7168,7335,7389,6849,6789,6776,na,na,na,na,na,na,na,na,na,4040
  77 Year,19950,17302,17443,20150,19863,19056,15605,13037,13379,15218,13580,12700,12172,11452,11429,11309,10322,9685,8345,8948,8384,7780,7581,7107,7152,6703,6871,6944,6387,6375,6373,6668,na,na,na,na,na,na,na,na,na,3709
  78 Year,16576,16902,19504,19219,18442,15079,12601,12927,14676,13081,12206,11682,11018,10951,10809,9915,9296,8164,7241,7947,7431,7079,6643,6679,6233,6412,6432,5980,5954,5932,6229,6263,na,na,na,na,na,na,na,na,na,3229
  79 Year,16149,18837,18517,17799,14538,12126,12381,14068,12567,11673,11152,10456,10485,10288,9432,8884,7831,7094,6553,7090,6745,6163,6218,5797,5941,5961,5576,5532,5474,5767,5837,5428,na,na,na,na,na,na,na,na,na,2803
  80 Year,17915,17766,17200,13998,11642,11869,13457,11985,11196,10645,9984,9913,9766,8938,8400,7420,6761,6384,6535,6389,5788,5772,5360,5511,5471,5182,5137,5036,5298,5366,4990,4771,na,na,na,na,na,na,na,na,na,2362
  81 Year,16836,16424,13378,11113,11366,12849,11424,10648,10140,9478,9395,9172,8518,7953,6967,6350,6050,6154,5849,5463,5433,4882,5058,4985,4711,4695,4648,4863,4950,4559,4387,3908,na,na,na,na,na,na,na,na,na,1784
  82 Year,15514,12695,10599,10816,12214,10863,10054,9569,8940,8888,8662,7978,7543,6561,5968,5676,5757,5442,4968,5111,4582,4609,4545,4319,4259,4226,4436,4520,4172,3981,3559,3589,na,na,na,na,na,na,na,na,na,1530
  83 Year,11942,9990,10263,11542,10232,9511,9013,8401,8346,8113,7477,7074,6147,5537,5277,5318,5060,4625,4601,4268,4298,4135,3885,3882,3806,4013,4078,3789,3633,3214,3238,3004,na,na,na,na,na,na,na,na,na,1229
  84 Year,9348,9638,10853,9634,8887,8464,7837,7815,7577,6991,6627,5702,5169,4893,4907,4679,4251,4259,3830,3982,3796,3478,3498,3398,3611,3634,3391,3252,2898,2911,2683,2254,na,na,na,na,na,na,na,na,na,1000
  85 Year,8952,10131,9032,8254,7862,7300,7181,7045,6498,6144,5322,4794,4504,4506,4299,3902,3899,3524,3550,3505,3208,3124,na,na,na,na,na,na,na,na,na,na,na,na,na,na,na,na,na,na,na,na
  86 Year,9291,8362,7637,7257,6728,6647,6493,5999,5654,4891,4418,4171,4098,3906,3548,3550,3178,3248,3078,2928,2838,2649,na,na,na,na,na,na,na,na,na,na,na,na,na,na,na,na,na,na,na,na
  87 Year,7661,6986,6704,6152,6036,5933,5505,5161,4434,4013,3795,3753,3546,3198,3163,2897,2950,2772,2564,2540,2365,2468,na,na,na,na,na,na,na,na,na,na,na,na,na,na,na,na,na,na,na,na
  88 Year,6323,6073,5593,5504,5389,4998,4687,4037,3601,3436,3392,3171,2881,2836,2570,2650,2499,2284,2196,2123,2191,2155,na,na,na,na,na,na,na,na,na,na,na,na,na,na,na,na,na,na,na,na
  89 Year,5441,5034,4969,4824,4466,4208,3628,3244,3048,3019,2829,2592,2540,2288,2343,2207,1988,1950,1829,1951,1898,1696,na,na,na,na,na,na,na,na,na,na,na,na,na,na,na,na,na,na,na,na
  65 Years & Over,639008,614368,581680,547854,516692,487570,459715,431601,404437,378636,352645,338387,330132,315790,305586,294726,279693,264541,248638,251024,243639,235296,225461,217222,209736,202912,196671,189695,182678,175856,169526,164450,158053,152688,146731,140848,135652,130222,125428,120647,116079,111933
  70 Years & Over,403617,384972,360384,335753,312723,289550,277290,270403,258620,249757,240249,226876,213874,200605,191829,185889,178605,168534,158755,161437,153963,146991,141070,135104,129412,124323,120580,117256,114157,110851,107538,104554,99755,95886,91554,87010,83355,79491,75825,71791,67638,63511
  75 Years & Over,222291,214964,210257,200207,193229,185754,174659,163588,152874,145343,140176,134258,126446,119298,113198,107572,102060,96049,88753,90795,84915,80043,77478,75248,73236,71365,69983,67973,66170,64064,61670,59507,56257,53320,49827,46053,42684,39671,37160,34694,32574,30758
  80 Years & Over,131313,123974,115657,106880,101276,97799,93448,87294,82255,77668,73267,69080,64956,60297,56466,53159,50459,48174,45890,44965,42414,40399,39527,38826,37795,36708,35805,34567,33202,31262,29195,27171,na,na,na,na,na,na,na,na,na,12438
  85 Years & Over,59758,57461,53364,49777,46935,44243,41663,38876,36056,33553,31122,29241,27813,26415,24947,23716,22580,21310,20107,19752,18517,17523,17182,16731,15936,14957,14116,13107,12252,11231,10339,9645,na,na,na,na,na,na,na,na,na,4533
  90 Years & Over,22090,20875,19429,17786,16454,15157,14169,13390,12821,12050,11366,10760,10244,9681,9024,8510,8066,7532,6890,6705,6017,5431,na,na,na,na,na,na,na,na,na,na,na,na,na,na,na,na,na,na,na,na
Singapore Male Residents,1953114,1977556,1969382,1955838,1943545,1929526,1916628,1902410,1891504,1880046,1868170,1861133,1844732,1802992,1775477,1748242,1721139,1695031,1673401,1684295,1658558,1634667,1614804,1591816,1565750,1540018,1514015,1489180,1464223,1439063,1414307,1386291,1341275,1316577,1294187,1276522,1258464,1239109,1220471,1200321,1179799,1159011
  0 Year,16239,17041,16731,16760,17118,17745,17749,16781,17545,17112,16076,16693,17981,19210,18443,18229,17993,17724,18855,19375,21753,21166,21591,23122,23725,24105,24700,25269,25309,24571,26142,24224,26297,24174,20389,21289,21983,20736,21942,21443,20982,18593
  1 Year,18411,17980,18136,18501,19328,19251,18345,19171,18544,17665,18181,19549,20803,19888,19680,19507,19158,20050,20607,23206,22625,22030,23592,24160,24489,25081,25621,25605,24837,26292,24435,26540,23864,19872,20581,21217,20052,21332,20965,20764,18830,19491
  2 Year,18236,18582,19036,19891,19887,18814,19704,18922,18013,18790,19682,21049,20682,19929,19923,19639,20477,20860,23399,23154,22359,23852,24429,24793,25303,25868,25808,24999,26468,24624,26734,24110,19940,20654,21258,20092,21415,21038,20851,19099,19624,18526
  3 Year,18738,19327,20231,20262,19224,20107,19409,18287,19124,20080,21087,20853,20582,20061,19947,20855,21196,23651,23153,22646,24048,24613,24999,25523,26066,26044,25154,26607,24809,26913,24286,20186,20740,21316,20143,21452,21108,20917,19338,19756,18660,20063
  4 Year,19419,20458,20532,19502,20484,19761,18645,19367,20294,21277,20859,20746,20651,20059,21098,21500,23854,23323,22539,24324,24748,25095,25697,26300,26252,25277,26749,24997,27060,24405,20316,20954,21398,20214,21505,21137,20985,19564,19872,18794,20187,20021
  5 Year,20415,20679,19760,20776,20027,18914,19647,20423,21313,21041,20778,20755,20560,21192,21709,24101,23580,22705,23958,25008,25322,25794,26473,26497,25457,26886,25196,27199,24493,20459,21114,21629,20309,21643,21266,21092,19735,19959,18887,20295,20074,20269
  6 Year,20580,19943,21060,20271,19208,19927,20649,21460,21045,20860,20781,20698,21645,21863,24408,23903,22952,24366,24845,25692,26068,26558,26644,25610,27048,25389,27324,24592,20532,21224,21773,20485,21694,21290,21106,19938,20048,18986,20396,20117,20365,21985
  7 Year,19819,21153,20449,19366,20135,20815,21537,21076,20856,20829,20670,21694,22193,24582,24081,23227,24634,25181,25667,26313,26790,26741,25697,27216,25572,27421,24682,20623,21287,21867,20597,21880,21302,21134,20145,20134,19086,20489,20155,20460,22071,23771
  8 Year,20914,20520,19415,20270,20918,21622,21145,20849,20758,20668,21648,22198,24862,24156,23326,24777,25302,25777,26158,26880,26728,25732,27330,25766,27571,24769,20690,21360,21942,20666,21992,21440,21157,20350,20218,19172,20579,20183,20538,22148,23850,23103
  9 Year,20252,19434,20367,20953,21722,21148,20883,20780,20614,21635,22170,24870,24423,23393,24836,25424,25866,26207,26669,26824,25878,27375,25869,27700,24863,20774,21439,22034,20712,22078,21571,21289,20551,20309,19265,20663,20207,20618,22216,23923,23163,22887
  10 Year,19210,20378,21059,21768,21206,20870,20726,20604,21581,22109,24812,24463,23625,24989,25482,25957,26309,26726,26671,25944,27437,25957,27778,24966,20899,21509,22109,20762,22135,21656,21430,20863,20387,19357,20744,20227,20699,22283,23986,23220,22914,21189
  11 Year,20103,20993,21770,21160,20876,20710,20576,21509,22071,24762,24314,23618,25174,25555,26004,26358,26760,26662,25803,27509,25981,27832,25008,20985,21621,22194,20808,22211,21721,21523,20989,20582,19449,20836,20247,20772,22352,24051,23267,22939,21271,21656
  12 Year,20646,21678,21205,20826,20745,20560,21482,22048,24685,24310,23541,25138,25776,26119,26344,26790,26723,25787,27278,26020,27826,25037,21032,21712,22266,20870,22254,21785,21592,21057,20686,19665,20925,20271,20843,22412,24106,23318,22958,21348,21686,23387
  13 Year,21349,21093,20900,20703,20596,21467,22032,24629,24202,23510,25073,25757,26303,26512,26820,26759,25846,27268,25873,27871,25136,21062,21743,22349,20911,22310,21831,21646,21090,20744,19738,21119,20291,20918,22474,24162,23362,22975,21420,21718,23401,24315
  14 Year,20804,20825,20727,20569,21462,21982,24585,24169,23461,25006,25698,26295,26653,26953,26755,25884,27321,25881,27787,25158,21075,21751,22375,20965,22359,21873,21668,21104,20763,19760,21191,20425,20984,22533,24211,23391,22975,21476,21733,23399,24311,26294
  15 Year,20518,20667,20711,21533,22084,24626,24200,23479,24969,25687,26244,26666,27064,26969,25893,27358,25919,27798,25068,21114,21777,22383,20984,22396,21908,21689,21107,20791,19759,21225,20459,21151,22588,24257,23412,22967,21524,21739,23379,24301,26245,26571
  16 Year,20355,20550,21541,22039,24608,24176,23429,24927,25590,26170,26592,27044,27007,25989,27286,25894,27772,24948,20967,21783,22299,20951,22377,21914,21685,21090,20770,19743,21220,20439,21169,22836,24289,23431,22961,21560,21741,23369,24285,26204,26527,28089
  17 Year,20296,21561,22123,24666,24225,23474,24958,25560,26079,26520,26940,26950,26047,27381,25853,27719,24892,20857,21616,22221,20936,22290,21875,21643,21049,20741,19694,21201,20397,21126,22798,24523,23430,22931,21593,21729,23338,24250,26139,26467,28030,27704
  18 Year,21524,22206,24821,24273,23544,24996,25600,26057,26473,26869,26880,25953,27393,25951,27673,24862,20814,21511,21984,20844,22184,21806,21590,20985,20698,19658,21177,20371,21090,22719,24465,23613,22894,21618,21717,23299,24220,26074,26392,27960,27644,27984
  19 Year,22234,24884,24359,23591,25039,25639,26100,26491,26878,26860,25923,27390,25943,27710,24877,20816,21496,21957,20701,22138,21732,21572,20952,20689,19662,21203,20374,21081,22710,24431,23598,23091,21648,21706,23276,24178,26007,26323,27896,27579,27929,28902
  20 Year,24865,24372,23578,25030,25624,26104,26499,26872,26813,25909,27378,25950,27796,24936,20900,21589,22005,20597,21768,21776,21546,21007,20728,19745,21356,20524,21201,22855,24612,23757,23255,22022,21737,23248,24153,25948,26260,27835,27517,27888,28865,29176
  21 Year,24228,23519,24969,25563,26019,26447,26803,26746,25847,27327,25891,27820,25108,21041,21729,22186,20820,21811,21257,21701,21147,20862,19909,21500,20656,21442,23065,24816,23989,23513,22284,22313,23278,24152,25900,26212,27792,27480,27871,28838,29157,28807
  22 Year,23218,24909,25516,25969,26359,26690,26694,25775,27250,25860,27748,25289,21350,21958,22451,21163,22462,21764,21227,21518,21127,20256,21830,20903,21731,23418,25122,24313,23892,22625,22627,24199,24204,25920,26192,27744,27451,27849,28831,29164,28841,27995
  23 Year,24636,25570,26059,26395,26791,26748,25855,27314,25951,27917,25366,21720,22617,22964,21734,23038,22575,21859,21366,21763,20702,22319,21329,22147,23772,25539,24714,24258,23076,23055,24714,25476,26090,26346,27822,27517,27965,28946,29282,29014,28201,27652
  24 Year,25362,26247,26642,26999,27032,26057,27642,26195,28173,25662,21862,23163,24078,22569,23788,23291,22747,22125,21790,21506,22914,21805,22635,24241,26061,25207,24691,23469,23545,25267,25945,27591,26662,28065,27649,28089,29118,29468,29247,28471,27992,26238
  25 Year,26264,27041,27479,27500,26612,28068,26759,28723,26183,22223,23331,24663,23918,24652,24124,23380,22813,22439,21687,23790,22475,23037,24737,26544,25690,25203,23871,23885,25738,26372,28039,28144,28411,27999,28296,29306,29710,29546,28802,28423,26725,25572
  26 Year,27118,28034,28053,27211,28767,27261,29430,26697,22733,23713,24773,24398,26166,25150,24225,23475,23004,22111,23840,23283,23629,25086,26981,26194,25700,24359,24281,26062,26695,28423,28543,29623,28247,28601,29491,29876,29789,29065,28770,27129,26019,25305
  27 Year,28203,28546,27839,29436,27937,29950,27367,23194,24185,25080,24526,26670,27022,25370,24376,23752,22702,24313,23427,24365,25592,27291,26647,26236,24895,24762,26441,26966,28771,28880,29987,29328,28813,29687,29979,29901,29219,28988,27400,26322,25668,23551
  28 Year,28639,28293,30040,28488,30658,27847,23744,24652,25601,24896,26750,27664,27319,25610,24770,23456,25024,23847,24582,26346,27700,26917,26694,25446,25283,26933,27287,29074,29160,30311,29672,29846,29850,30098,29999,29311,29141,27604,26545,25957,23870,22306
  29 Year,28324,30468,29054,31123,28453,24117,25204,26038,25311,27144,27752,27904,27597,25973,24496,25913,24688,25027,26439,28471,27365,26954,25908,25842,27453,27716,29429,29464,30632,30000,30163,30810,30196,30124,29390,29249,27774,26731,26199,24122,22583,21293
  30 Year,30412,29386,31696,28856,24551,25567,26420,25604,27547,28045,27958,28096,27754,25694,26994,25555,25970,26889,28470,28078,27361,26156,26244,27919,28178,29906,29802,30884,30329,30408,31047,31076,30248,29479,29356,27886,26885,26414,24333,22817,21531,21813
  31 Year,29242,31911,29276,24870,26016,26758,25903,27854,28368,28202,28098,28292,27230,27949,26494,26769,27736,28925,28007,28003,26469,26489,28331,28654,30356,30281,31259,30621,30650,31255,31284,31149,29543,29495,28012,27005,26604,24548,23025,21750,22002,21527
  32 Year,31649,29506,25195,26276,27010,26120,28128,28551,28435,28211,28308,27706,29527,27296,27630,28502,29694,28428,27899,27013,26708,28518,29052,30842,30679,31684,30928,30869,31407,31465,31375,30303,29654,28164,27132,26753,24751,23219,21950,22171,21681,20206
  33 Year,29190,25470,26555,27227,26336,28263,28777,28524,28327,28425,27685,29953,28629,28364,29229,30443,29125,28213,26885,27192,28905,29256,31191,31121,32061,31323,31138,31590,31571,31544,30487,30436,28329,27265,26906,24920,23382,22130,22318,21804,20351,20293
  34 Year,25188,26749,27486,26546,28465,28888,28619,28421,28585,27803,29898,29001,29536,29841,31144,29762,28939,27193,27032,29293,29521,31408,31494,32512,31678,31412,31780,31720,31651,30625,30634,29169,27445,27082,25088,23535,22281,22442,21895,20491,20447,13978
  35 Year,26466,27649,26749,28561,28999,28673,28499,28608,27833,29941,29013,29777,30825,31610,30351,29461,27676,27296,29071,29842,31645,31684,32800,32054,31641,31989,31862,31772,30771,30749,29341,28180,27247,25286,23690,22437,22572,22003,20623,20604,14099,10995
  36 Year,27346,26862,28721,29075,28731,28562,28669,27846,29980,28963,29723,31021,32512,30775,29942,28073,27699,29227,29560,31969,31790,32980,32334,31889,32176,32076,31894,30855,30870,29439,28351,27963,25472,23865,22589,22663,22097,20730,20732,14205,11084,13392
  37 Year,26516,28801,29210,28760,28594,28618,27852,29923,28911,29739,30995,32659,31643,30251,28458,28125,29595,29753,31653,32046,33252,32543,32098,32382,32204,32051,30998,30982,29539,28450,28158,26143,24038,22754,22765,22152,20820,20853,14289,11160,13500,11753
  38 Year,28333,29222,28825,28636,28646,27826,29912,28868,29721,31030,32622,31805,30877,28685,28459,29930,30052,31841,31677,33450,32667,32227,32516,32370,32165,31199,31054,29616,28535,28221,26325,24683,22909,22874,22216,20895,20959,14363,11214,13596,11854,12096
  39 Year,28684,28823,28613,28629,27806,29874,28863,29714,30963,32579,31744,31056,29252,28590,30190,30295,32095,31762,33002,32822,32309,32603,32439,32305,31330,31152,29688,28583,28279,26419,24841,23454,22988,22289,20969,21040,14412,11268,13689,11927,12181,14081
  40 Year,28224,28607,28648,27770,29754,28805,29586,30933,32468,31665,30940,29376,29031,30336,30444,32296,31951,33077,32351,32439,32605,32477,32380,31422,31224,29778,28616,28331,26488,24930,23596,23574,22364,21044,21113,14448,11295,13757,11989,12242,14155,14447
  41 Year,27997,28553,27776,29695,28724,29496,30801,32388,31602,30796,29260,29161,30737,30532,32453,32124,33180,32425,31971,32709,32634,32396,31533,31296,29805,28706,28376,26528,24969,23654,23708,22820,21102,21180,14472,11295,13812,12022,12277,14195,14466,13902
  42 Year,27882,27655,29618,28645,29404,30730,32276,31467,30747,29197,29074,30828,30797,32467,32254,33289,32564,31985,32267,32707,32436,31588,31357,29837,28707,28439,26578,25001,23696,23756,22930,21588,21248,14506,11294,13842,12045,12310,14231,14481,13913,11709
  43 Year,26961,29517,28611,29321,30624,32220,31312,30610,29065,28952,30709,30862,32708,32264,33367,32649,32032,32263,32255,32470,31591,31366,29843,28719,28477,26613,25011,23712,23784,22993,21694,21682,14524,11282,13865,12058,12323,14254,14487,13897,11700,10671
  44 Year,28750,28469,29216,30543,32135,31215,30485,28922,28809,30603,30695,32768,32491,33397,32711,32141,32270,32231,32045,31584,31307,29813,28748,28518,26631,24999,23752,23785,22977,21755,21744,14788,11264,13898,12078,12334,14257,14482,13872,11686,10620,11404
  45 Year,27737,29046,30432,32084,31129,30367,28813,28633,30436,30577,32636,32495,33558,32701,32139,32319,32225,32017,31144,31307,29879,28713,28525,26656,24998,23750,23815,23040,21771,21773,14842,11455,13923,12081,12330,14257,14459,13837,11654,10570,11334,11485
  46 Year,28292,30290,31974,30988,30289,28701,28518,30222,30433,32501,32376,33550,32850,32036,32351,32224,31980,31123,30841,29852,28723,28489,26658,24979,23756,23787,23037,21773,21764,14852,11526,14172,12096,12344,14258,14427,13785,11629,10499,11231,11489,10173
  47 Year,29440,31778,30871,30151,28568,28401,30124,30315,32326,32297,33407,32839,32091,32253,32164,31974,31107,30821,29483,28673,28457,26635,24981,23750,23764,23014,21744,21731,14834,11536,14195,12264,12355,14265,14389,13735,11586,10420,11124,11490,10209,10472
  48 Year,30939,30692,30059,28458,28274,29983,30181,32136,32078,33249,32679,32082,32292,32093,31890,31072,30685,29404,28319,28423,26534,24921,23726,23765,22992,21711,21678,14835,11522,14183,12277,12505,14243,14353,13692,11535,10320,11008,11484,10235,10450,9944
  49 Year,29794,29884,28301,28130,29835,30065,31971,31888,33039,32498,31904,32271,32114,31766,31049,30657,29346,28244,28044,26472,24943,23687,23748,22990,21687,21644,14804,11520,14149,12269,12513,14396,14294,13646,11483,10229,10873,11482,10262,10416,9914,10043
  50 Year,28957,28081,27946,29677,29864,31802,31696,32829,32267,31745,32106,31971,31693,30884,30553,29302,28164,27954,25697,24884,23598,23668,22941,21612,21592,14760,11510,14101,12260,12486,14370,14410,13551,11425,10106,10734,11443,10263,10353,9848,9966,10258
  51 Year,27228,27771,29527,29673,31585,31483,32617,32016,31502,31862,31798,31522,30842,30434,29256,28089,27806,25674,24102,23515,23583,22853,21544,21515,14713,11462,14039,12221,12451,14308,14376,13602,11351,9991,10614,11407,10256,10301,9785,9889,10174,9896
  52 Year,26911,29321,29511,31422,31323,32409,31794,31288,31620,31582,31367,30514,30300,29133,27973,27712,25592,24084,22787,23486,22671,21415,21413,14652,11416,13981,12192,12385,14245,14289,13543,11376,9867,10471,11363,10258,10243,9754,9824,10113,9822,9354
  53 Year,28421,29273,31198,31155,32209,31594,31104,31425,31407,31216,30316,29981,29041,27832,27595,25541,23990,22742,22794,22547,21389,21323,14574,11362,13897,12119,12310,14155,14210,13483,11334,9836,10350,11322,10260,10174,9701,9752,10017,9732,9301,8843
  54 Year,28391,30937,30939,31981,31405,30914,31254,31176,30993,30156,29837,28733,27728,27430,25429,23899,22627,22729,21977,21287,21182,14507,11300,13793,12056,12224,14079,14127,13418,11262,9786,10298,11272,10241,10089,9654,9655,9911,9639,9219,8789,8185
  55 Year,29933,30692,31764,31162,30704,31119,30964,30810,29962,29677,28550,27385,27356,25349,23809,22586,22624,21900,20683,21036,14384,11228,13708,11982,12115,13998,14001,13338,11199,9723,10200,11292,10193,9993,9597,9550,9787,9543,9115,8717,8105,7814
  56 Year,29665,31455,30941,30514,30880,30740,30606,29776,29456,28337,27206,27062,25245,23624,22477,22497,21768,20607,20428,14264,11099,13591,11900,12014,13891,13872,13218,11131,9647,10148,11204,10237,9903,9512,9447,9662,9437,9025,8641,8005,7728,7367
  57 Year,30441,30653,30281,30680,30493,30344,29561,29229,28128,27004,26895,25065,23521,22288,22410,21641,20470,20315,13766,11018,13531,11828,11897,13792,13765,13110,11029,9563,10029,11069,10127,9874,9419,9348,9532,9287,8896,8567,7905,7645,7287,7157
  58 Year,29644,30001,30461,30247,30149,29318,29011,27938,26777,26667,24878,23340,22173,22284,21496,20293,20144,13698,10637,13390,11714,11772,13648,13615,12988,10910,9482,9944,10963,10010,9745,9366,9229,9387,9156,8786,8457,7798,7565,7194,7054,6769
  59 Year,29147,30159,30030,29925,29094,28794,27718,26563,26490,24694,23188,21970,22153,21333,20144,19998,13570,10579,12934,11613,11630,13515,13436,12846,10799,9358,9830,10841,9898,9630,9254,9141,9242,9013,8673,8355,7669,7434,7070,6951,6681,6699
  60 Year,29265,29733,29703,28873,28539,27430,26319,26243,24469,22976,21803,21947,21211,19986,19878,13455,10458,12867,11160,11482,13326,13262,12698,10674,9253,9695,10712,9774,9504,9168,9001,9147,8845,8535,8228,7566,7317,6953,6819,6581,6560,6650
  61 Year,28835,29371,28616,28294,27203,26060,26022,24241,22770,21605,21737,20985,19849,19684,13321,10397,12740,11096,11061,13130,13116,12526,10540,9123,9554,10557,9625,9382,9012,8811,8987,8703,8378,8130,7455,7177,6836,6700,6496,6435,6501,6111
  62 Year,28494,28318,28043,26993,25817,25795,24036,22527,21409,21511,20805,19654,19505,13173,10310,12624,10996,10932,12583,12932,12335,10382,8985,9382,10407,9475,9219,8869,8650,8843,8529,8261,8006,7320,7050,6718,6560,6395,6292,6327,5957,5870
  63 Year,27437,27686,26689,25534,25539,23779,22315,21172,21258,20580,19408,19285,13074,10151,12467,10855,10805,12471,12390,12171,10229,8840,9209,10241,9302,9082,8716,8496,8666,8378,8105,7920,7175,6916,6590,6427,6263,6125,6143,5795,5708,5495
  64 Year,26858,26363,25273,25234,23491,22066,20968,21034,20335,19109,19046,12925,10070,12262,10706,10650,12288,12257,11654,10054,8684,9013,10067,9142,8893,8556,8335,8505,8208,7910,7754,7064,6763,6453,6281,6143,5974,5945,5623,5554,5345,5036
  65 Year,25533,24940,24947,23239,21797,20715,20764,20054,18864,18794,12765,9903,12130,10560,10484,12112,12051,11470,9657,8511,8845,9870,8965,8736,8397,8158,8323,8023,7722,7567,6917,6634,6298,6138,6047,5793,5775,5437,5387,5177,4885,5062
  66 Year,24139,24584,22979,21507,20416,20457,19769,18607,18502,12539,9777,11963,10411,10299,11920,11835,11290,9469,8148,8666,9652,8791,8560,8234,7964,8112,7839,7512,7377,6739,6458,6186,5973,5918,5626,5605,5259,5208,5030,4708,4884,4645
  67 Year,23823,22604,21232,20165,20171,19531,18316,18216,12349,9606,11767,10261,10136,11693,11624,11100,9264,7997,8239,9416,8570,8366,8038,7734,7895,7644,7292,7165,6555,6303,6010,5830,5782,5422,5427,5088,5027,4893,4551,4694,4480,4742
  68 Year,21871,20915,19902,19908,19228,18030,17938,12124,9436,11570,10065,9940,11509,11393,10878,9082,7787,8075,8968,8339,8109,7843,7520,7654,7440,7084,6938,6403,6141,5808,5612,5687,5231,5231,4901,4840,4741,4378,4512,4314,4525,4561
  69 Year,20229,19566,19595,18939,17739,17616,11910,9284,11374,9863,9741,11254,11164,10615,8867,7591,7878,8764,7880,7832,7629,7283,7402,7198,6881,6738,6210,5942,5621,5376,5431,5054,5021,4701,4668,4574,4212,4314,4154,4322,4369,4367
  70 Year,18868,19220,18654,17422,17246,11696,9093,11120,9631,9484,10984,10921,10408,8666,7425,7671,8486,7657,7320,7397,7030,7151,6970,6659,6535,6022,5736,5415,5155,5180,4808,4815,4470,4480,4411,4073,4140,3977,4121,4169,4145,3897
  71 Year,18538,18289,17051,16911,11444,8889,10889,9411,9268,10729,10660,10131,8476,7246,7466,8255,7433,7085,6855,6781,6892,6796,6406,6328,5834,5510,5207,4910,4926,4583,4580,4301,4285,4241,3918,3925,3823,3945,3980,3925,3693,3325
  72 Year,17574,16677,16493,11169,8664,10636,9182,9017,10427,10368,9837,8257,7047,7227,7988,7209,6831,6666,6242,6615,6516,6166,6093,5596,5306,4962,4659,4671,4336,4346,4083,4114,4048,3761,3742,3646,3741,3788,3697,3466,3142,3161
  73 Year,15936,16087,10866,8427,10394,8973,8767,10137,10077,9551,8024,6822,6982,7700,6942,6594,6401,6026,6004,6210,5889,5881,5355,5099,4735,4379,4403,4091,4099,3839,3880,3875,3597,3547,3485,3566,3600,3501,3247,2964,2959,2597
  74 Year,15421,10546,8170,10100,8715,8497,9848,9753,9260,7758,6630,6756,7444,6669,6363,6141,5756,5715,5634,5618,5584,5128,4868,4506,4113,4120,3845,3850,3606,3631,3662,3408,3360,3310,3353,3388,3293,3038,2769,2748,2447,2227
  75 Year,10039,7909,9806,8472,8214,9545,9413,8949,7510,6390,6528,7123,6416,6113,5886,5522,5467,5316,4575,5290,4874,4647,4279,3840,3813,3582,3564,3370,3384,3421,3211,3158,na,na,na,na,na,na,na,na,na,2025
  76 Year,7550,9487,8218,7915,9232,9088,8599,7255,6172,6295,6809,6104,5850,5590,5279,5202,5057,4458,4191,4627,4374,4041,3577,3538,3361,3292,3136,3175,3165,2994,2923,2964,na,na,na,na,na,na,na,na,na,1672
  77 Year,9039,7900,7659,8919,8731,8288,6994,5900,6023,6524,5806,5558,5317,4999,4906,4800,4242,4078,3509,4118,3796,3304,3274,3129,3033,2873,2934,2941,2745,2711,2736,2764,na,na,na,na,na,na,na,na,na,1583
  78 Year,7467,7322,8537,8366,7974,6674,5668,5779,6217,5533,5275,5005,4763,4641,4526,4032,3833,3411,3087,3544,3114,3005,2876,2783,2627,2698,2671,2522,2502,2516,2561,2678,na,na,na,na,na,na,na,na,na,1347
  79 Year,6901,8155,7981,7616,6373,5381,5452,5870,5242,4973,4705,4424,4399,4246,3773,3623,3213,3007,2750,2914,2817,2607,2555,2417,2463,2430,2321,2287,2296,2345,2448,2335,na,na,na,na,na,na,na,na,na,1123
  80 Year,7652,7549,7281,6065,5113,5169,5542,4922,4704,4443,4161,4065,3975,3510,3355,2988,2818,2649,2610,2633,2396,2311,2183,2235,2188,2114,2092,2077,2137,2202,2099,1969,na,na,na,na,na,na,na,na,na,930
  81 Year,7034,6835,5722,4811,4874,5236,4637,4394,4156,3889,3788,3635,3303,3130,2758,2594,2472,2421,2334,2207,2128,1930,2012,1939,1889,1851,1873,1929,2002,1877,1783,1579,na,na,na,na,na,na,na,na,na,620
  82 Year,6369,5348,4533,4603,4904,4340,4075,3875,3611,3530,3370,3014,2914,2565,2365,2262,2207,2141,1964,1976,1779,1793,1731,1699,1642,1657,1732,1790,1693,1593,1425,1462,na,na,na,na,na,na,na,na,na,535
  83 Year,4955,4204,4293,4576,4016,3813,3601,3335,3250,3093,2778,2686,2346,2150,2050,2006,1939,1800,1705,1626,1632,1538,1485,1463,1463,1551,1585,1517,1436,1245,1296,1161,na,na,na,na,na,na,na,na,na,432
  84 Year,3876,3950,4248,3724,3493,3326,3077,2989,2851,2541,2461,2132,1980,1845,1784,1751,1610,1551,1405,1487,1374,1300,1301,1277,1359,1388,1328,1253,1107,1159,1028,857,na,na,na,na,na,na,na,na,na,318
  85 Year,3589,3887,3432,3199,3030,2807,2682,2606,2325,2220,1963,1817,1654,1595,1574,1446,1385,1272,1284,1255,1163,1154,na,na,na,na,na,na,na,na,na,na,na,na,na,na,na,na,na,na,na,na
  86 Year,3494,3117,2880,2750,2529,2444,2363,2092,1999,1762,1616,1490,1415,1398,1262,1235,1097,1175,1071,1037,1043,934,na,na,na,na,na,na,na,na,na,na,na,na,na,na,na,na,na,na,na,na
  87 Year,2768,2573,2477,2271,2156,2106,1875,1789,1558,1434,1306,1255,1237,1097,1059,977,1044,941,883,914,815,885,na,na,na,na,na,na,na,na,na,na,na,na,na,na,na,na,na,na,na,na
  88 Year,2284,2168,2017,1905,1865,1641,1584,1377,1252,1145,1094,1049,968,925,838,927,827,762,749,713,761,767,na,na,na,na,na,na,na,na,na,na,na,na,na,na,na,na,na,na,na,na
  89 Year,1868,1777,1678,1623,1409,1389,1224,1121,988,958,910,835,808,726,805,714,645,638,581,648,663,599,na,na,na,na,na,na,na,na,na,na,na,na,na,na,na,na,na,na,na,na
  65 Years & Over,293526,281921,266466,249859,234672,220854,207536,193921,180846,168561,156180,149576,146179,139561,134909,130241,123472,116877,109791,112599,109452,105864,101513,98003,94599,91491,88662,85457,82274,79287,76414,74007,70826,68312,65832,63137,60728,58283,56161,54087,52156,50428
  70 Years & Over,177931,169312,157811,146101,135321,124505,118839,115636,110321,106189,102065,96255,90829,85001,81136,78521,75202,71102,66899,69835,66647,63711,61029,58447,56022,53755,52062,50412,48859,47494,45987,44616,42521,40902,39163,37236,35715,34055,32528,30872,29013,27051
  75 Years & Over,91594,88493,86577,82072,78858,75814,71060,66198,61658,58299,55930,53368,50472,47493,44952,42651,40295,37953,34844,37214,34736,32589,31338,30259,29500,28762,28214,27474,26736,25915,24974,24103,22762,21564,20254,18638,17118,15806,14714,13600,12627,11844
  80 Years & Over,50598,47720,44376,40784,38334,36838,34934,32445,30494,28584,26807,25154,23727,21904,20582,19472,18483,17683,16732,16721,15761,14985,14777,14552,14204,13888,13590,13178,12645,11928,11095,10204,na,na,na,na,na,na,na,na,na,4094
  85 Years & Over,20712,19834,18299,17005,15934,14954,14002,12930,11922,11088,10249,9622,9209,8704,8270,7871,7437,7121,6714,6792,6452,6113,6067,5938,5663,5327,4981,4613,4270,3853,3463,3176,na,na,na,na,na,na,na,na,na,1259
  90 Years & Over,6709,6312,5815,5257,4945,4567,4274,3945,3800,3569,3360,3176,3127,2963,2732,2572,2439,2333,2146,2225,2007,1774,na,na,na,na,na,na,na,na,na,na,na,na,na,na,na,na,na,na,na,na
Singapore Female Residents,2033728,2066654,2056827,2038445,2022251,2004033,1986062,1968329,1953247,1938159,1921081,1910588,1889144,1839667,1807605,1777652,1746675,1718235,1693490,1698649,1667344,1638696,1614877,1588202,1557653,1528113,1499500,1470171,1440324,1410691,1380397,1349577,1306352,1281880,1259676,1242077,1224150,1204596,1185694,1165385,1144604,1123114
  0 Year,15372,16393,16236,15904,16256,16895,16810,16001,16367,16125,15096,16095,17164,18234,17327,17334,17010,16710,17980,18022,20015,19647,19836,21839,21968,22584,22866,23856,23393,23565,24197,22421,24589,22521,18956,19552,20504,19254,20170,19596,19694,16787
  1 Year,17761,17605,17318,17622,18386,18489,17574,18100,17760,16937,17735,18801,20220,18931,18863,18672,18138,19220,19252,21465,21011,20264,22288,22432,22973,23240,24169,23671,23858,24419,22644,24951,22331,18499,18927,19788,18625,19619,19168,19488,17052,17839
  2 Year,17856,17805,18231,18896,19115,18091,18690,18176,17300,18427,18980,20513,19798,19204,19124,18588,19625,19532,21653,21620,20607,22517,22733,23290,23517,24404,23882,24062,24606,22824,25128,22596,18571,18990,19817,18671,19692,19241,19571,17314,18021,17290
  3 Year,17906,18496,19197,19465,18514,19034,18699,17603,18723,19429,20575,20016,19940,19325,18948,19988,19850,21942,21640,20921,22793,22905,23507,23758,24645,24115,24247,24747,23017,25291,22736,18796,19049,19867,18716,19739,19297,19641,17571,18174,17423,18586
  4 Year,18497,19389,19707,18725,19341,18973,17950,18961,19625,20831,19978,20117,19967,19048,20273,20167,22228,21807,20825,23065,23032,23616,23941,24854,24322,24431,24895,23207,25414,22846,18901,19271,19908,18760,19777,19319,19687,17806,18310,17535,18665,18644
  5 Year,19281,19785,18915,19562,19264,18157,19231,19727,20870,20125,20144,20160,19570,20418,20429,22476,22041,20952,22720,23332,23842,24045,25020,24557,24546,25066,23399,25544,22945,19013,19412,20126,18851,19907,19428,19794,18004,18410,17652,18803,18703,18829
  6 Year,19676,19059,19757,19446,18366,19464,19902,20973,20167,20231,20151,19774,20889,20560,22825,22320,21294,23145,23193,24195,24279,25122,24699,24687,25238,23586,25682,23042,19122,19513,20271,19042,19948,19462,19821,18234,18544,17766,18912,18760,18921,20566
  7 Year,18948,19813,19630,18499,19621,20078,21052,20209,20221,20182,19777,21004,21006,23003,22524,21536,23444,23530,24162,24517,25348,24802,24773,25417,23780,25782,23129,19216,19597,20375,19140,20100,19487,19844,18457,18662,17866,19009,18800,18999,20664,22190
  8 Year,19481,19710,18632,19726,20150,21099,20193,20219,20086,19789,20945,21093,23333,22624,21671,23607,23712,24227,24368,25475,24850,24816,25520,23963,25901,23228,19298,19672,20457,19213,20204,19624,19867,18682,18781,17963,19104,18833,19067,20760,22262,21551
  9 Year,19394,18641,19790,20197,21164,20285,20213,20074,19774,20964,21055,23429,22954,21831,23732,23833,24412,24427,25304,24956,24972,25589,24124,26028,23335,19369,19746,20542,19271,20316,19734,20013,18905,18912,18066,19193,18869,19137,20851,22335,21592,21479
  10 Year,18303,19776,20256,21144,20274,20208,20087,19784,20943,21048,23393,23002,22154,23875,23963,24505,24550,25323,24778,25101,25665,24241,26104,23438,19471,19820,20626,19312,20382,19817,20141,19239,19029,18172,19286,18898,19203,20937,22403,21624,21473,19909
  11 Year,19382,20156,21211,20246,20249,20100,19740,20882,20969,23369,22942,22203,24162,24120,24524,24675,25451,24790,24977,25729,24272,26164,23496,19578,19914,20708,19371,20442,19879,20218,19341,19274,18266,19380,18925,19259,21022,22464,21654,21465,19931,20840
  12 Year,19737,21139,20305,20234,20121,19764,20878,20961,23331,22926,22175,24226,24412,24769,24776,25526,24863,24999,25536,24345,26195,23535,19638,19987,20832,19432,20500,19954,20285,19415,19352,18494,19473,18954,19315,21100,22523,21680,21450,19951,20820,21974
  13 Year,20697,20180,20333,20105,19824,20906,20961,23326,22896,22160,24154,24459,25103,25037,25617,24871,25080,25590,24238,26282,23674,19679,20050,20912,19490,20548,20013,20352,19431,19404,18551,19679,18976,19370,21175,22575,21707,21435,19959,20798,21975,23396
  14 Year,19762,20175,20160,19775,20900,20928,23321,22884,22105,24120,24434,25141,25266,25867,25007,25157,25650,24257,26183,23733,19711,20094,20966,19551,20626,20059,20405,19463,19421,18575,19735,19136,19425,21257,22626,21722,21417,19969,20776,21983,23392,25186
  15 Year,19762,20108,19958,20946,21016,23399,22981,22150,24158,24497,25195,25360,26139,25372,25301,25787,24361,26216,23598,19779,20209,21011,19581,20689,20134,20448,19494,19438,18570,19765,19169,19611,21332,22672,21733,21383,19965,20739,21964,23365,25177,25126
  16 Year,19599,19817,21016,20975,23380,22948,22118,24066,24412,25137,25347,26188,25606,25626,25855,24400,26247,23573,19656,20252,20956,19598,20729,20197,20492,19499,19468,18565,19761,19180,19631,21550,22728,21739,21354,19964,20699,21950,23343,25179,25125,26678
  17 Year,19268,20851,21005,23320,22919,22093,24047,24344,25079,25310,26113,25632,25822,26176,24453,26324,23588,19631,20085,20980,19695,20737,20235,20541,19524,19481,18558,19763,19174,19629,21553,23007,21748,21324,19961,20656,21938,23316,25173,25128,26667,26346
  18 Year,20544,21026,23520,22985,22119,24071,24387,25055,25279,26125,25631,25925,26573,24795,26386,23652,19664,20095,20833,19737,20781,20276,20590,19573,19530,18569,19815,19228,19657,21596,23064,22070,21295,19971,20616,21925,23288,25172,25126,26661,26328,26294
  19 Year,20813,23564,23168,22192,24039,24349,25082,25208,26149,25686,25873,26642,25181,26887,23721,19735,20168,20831,19566,20839,20334,20662,19689,19655,18746,20001,19443,19822,21748,23221,22252,21853,19996,20592,21917,23275,25178,25151,26674,26330,26339,26842
  20 Year,23098,23120,22302,24155,24358,25007,25184,26080,25792,25985,26580,25343,27288,24166,19897,20370,20960,19632,20710,20535,20791,19953,19978,19088,20368,19784,20228,22077,23603,22647,22265,20911,20605,21948,23271,25198,25193,26712,26365,26421,26922,27011
  21 Year,22527,22221,24172,24398,24983,25205,26122,25748,25997,26747,25365,27513,24705,20382,20732,21395,20008,20974,20600,21353,20424,20441,19623,20944,20346,20893,22737,24278,23473,23111,21636,21685,22063,23342,25249,25255,26790,26443,26545,27062,27158,27007
  22 Year,21616,24193,24497,25018,25175,26062,25751,25971,26761,25461,27517,25091,21206,21394,21879,20657,21691,21202,21729,21261,21112,20276,21758,21059,21577,23404,25057,24187,23991,22491,22509,23196,23447,25352,25310,26840,26526,26662,27170,27318,27191,26515
  23 Year,23702,24640,25374,25363,26265,25925,26158,26902,25834,27839,25225,21826,22671,23007,21529,22578,22182,22513,21898,22319,21180,22605,21930,22402,24232,25786,25017,24793,23387,23415,24001,24675,25591,25575,27002,26671,26914,27418,27600,27528,26878,26452
  24 Year,24468,25746,25970,26626,26466,26609,27419,26315,28471,25799,22137,23475,24934,22968,23846,23364,23501,22740,23067,22581,23693,22712,23312,25232,26665,25766,25595,24207,24301,24924,25424,26919,25883,27327,26869,27128,27678,27884,27860,27276,26875,25325
  25 Year,25684,26485,27369,27102,27374,28120,27054,29293,26607,22955,23797,25785,25271,25588,24843,24704,23846,23955,23390,25267,23915,24084,26100,27646,26631,26347,24943,25086,25711,26173,27639,27080,27681,27200,27369,27897,28168,28164,27637,27305,25803,24853
  26 Year,26674,28135,27905,28134,29120,27770,30287,27504,23838,24585,26168,26120,28129,26379,26161,25136,25043,24208,25977,25329,25180,26816,28470,27488,27208,25653,25764,26420,26818,28353,27736,28888,27485,27662,28090,28350,28397,27922,27621,26213,25293,24064
  27 Year,28344,28589,29101,29938,28845,31162,28536,24690,25439,26990,26348,28921,28943,27702,26471,26307,25308,26866,25893,26353,27679,29092,28178,28016,26404,26468,27075,27427,28960,28372,29414,28686,27934,28320,28493,28542,28116,27858,26511,25642,24432,22827
  28 Year,28875,29881,30881,29604,32185,29348,25596,26224,27914,27184,29162,29807,29991,27869,27582,26454,27914,26590,26722,28756,29798,28699,28718,27166,27233,27653,27937,29480,28901,29946,29192,29005,28499,28651,28655,28216,28031,26725,25898,24714,23147,22018
  29 Year,29912,31525,30473,33095,30247,26345,27053,28644,27804,29812,29999,30707,29952,28821,27475,29082,27457,27357,28921,30760,29421,29185,27784,27938,28273,28387,29984,29402,30404,29660,29455,29530,28847,28797,28321,28143,26899,26105,24943,23423,22305,21006
  30 Year,31454,30952,33841,30894,27058,27637,29297,28329,30437,30609,30851,30618,30738,28424,29996,28360,28166,29453,30741,30251,29687,28170,28478,28882,28911,30395,29846,30830,30099,29864,29934,29683,28923,28480,28249,27038,26304,25163,23680,22586,21280,21554
  31 Year,30760,34265,31448,27589,28212,29772,28859,30845,31006,31248,30697,31194,29921,30667,29051,29005,30124,31179,30188,30340,28557,28823,29277,29439,30851,30228,31224,30493,30248,30308,30043,29762,28588,28391,27165,26432,25336,23870,22793,21492,21752,21136
  32 Year,33807,31821,27987,28672,30218,29186,31250,31264,31476,30935,31240,30361,32003,29574,29658,30880,31736,30583,30103,29100,29125,29600,29827,31293,30624,31589,30833,30584,30615,30344,30093,29310,28517,27315,26559,25472,24043,22977,21674,21931,21309,19996
  33 Year,31369,28380,29048,30582,29613,31548,31551,31653,31066,31438,30387,32421,30761,30177,31499,32351,31071,30470,28836,29532,30023,30077,31599,31079,31967,31155,30860,30911,30605,30330,29615,29264,27458,26687,25579,24162,23118,21802,22057,21428,20163,20118
  34 Year,27989,29358,30914,29885,31861,31805,31815,31242,31623,30480,32433,31045,31141,31831,32758,31624,30853,29156,29143,30382,30334,31793,31374,32364,31467,31119,31157,30833,30556,29887,29510,28171,26826,25674,24276,23208,21902,22157,21502,20285,20262,13629
  35 Year,28934,31053,30156,32107,32048,32002,31400,31728,30466,32513,31075,31392,32579,32996,31997,31255,29461,29372,29876,30630,32054,31572,32610,31812,31374,31372,31053,30761,30085,29739,28448,27463,25799,24403,23315,21991,22244,21571,20412,20397,13726,10964
  36 Year,30410,30257,32276,32191,32133,31482,31816,30485,32530,31098,31346,32902,33797,32162,31602,29855,29684,30124,30132,32325,31684,32774,32055,31637,31609,31225,30953,30284,29949,28660,27672,26354,24531,23423,22075,22329,21629,20517,20520,13818,11035,13336
  37 Year,29612,32318,32306,32265,31549,31904,30507,32496,31083,31446,32844,33975,32809,31698,30122,29956,30305,30267,31786,31876,33021,32213,31818,31790,31380,31113,30483,30132,28845,27849,26579,25042,23536,22169,22393,21665,20600,20628,13881,11097,13437,11627
  38 Year,31523,32272,32334,31607,31891,30590,32531,31063,31314,32783,33900,32991,32291,30255,30152,30545,30497,31871,31303,33218,32402,31954,31949,31547,31261,30655,30303,29024,28012,26764,25243,24052,22243,22454,21704,20675,20723,13925,11124,13516,11680,12146
  39 Year,31397,32258,31628,31889,30559,32467,31018,31298,32702,33878,32899,32446,30726,30221,30700,30708,32089,31395,32583,32575,32054,32071,31671,31421,30805,30434,29149,28124,26894,25398,24233,22659,22506,21734,20740,20792,13962,11138,13567,11726,12195,14306
  40 Year,31272,31473,31861,30564,32497,31005,31247,32685,33797,32913,32350,30818,30667,30739,30798,32222,31581,32682,31963,32162,32057,31743,31502,30943,30566,29242,28238,27001,25516,24330,22762,22915,21767,20811,20851,13984,11146,13617,11766,12230,14337,14668
  41 Year,30572,31674,30558,32419,30999,31169,32682,33674,32820,32375,30720,30760,31066,30764,32238,31690,32746,32005,31536,32129,31879,31573,31053,30715,29336,28330,27127,25607,24426,22858,23034,22076,20879,20922,14007,11142,13661,11782,12245,14354,14655,14335
  42 Year,30698,30438,32350,31005,31187,32637,33626,32717,32246,30661,30704,31227,31037,32286,31752,32865,32110,31564,31476,31928,31613,31133,30773,29425,28409,27221,25670,24512,22923,23150,22182,21185,20997,14008,11119,13673,11787,12253,14342,14623,14306,11447
  43 Year,29373,32143,31009,31128,32594,33593,32630,32201,30538,30649,31127,31084,32534,31745,32867,32121,31565,31455,31347,31627,31138,30819,29477,28518,27293,25739,24567,22991,23231,22245,21263,21264,14021,11120,13707,11798,12257,14339,14598,14280,11436,10281
  44 Year,31041,30762,31116,32550,33566,32575,32110,30426,30489,31012,31035,32557,31915,32833,32165,31620,31473,31370,31071,31108,30736,29512,28574,27362,25810,24620,23062,23314,22307,21331,21297,14171,11101,13730,11800,12265,14338,14563,14233,11418,10197,11225
  45 Year,29815,30879,32464,33486,32539,32120,30334,30422,30874,30928,32529,31953,33044,32106,31569,31500,31387,31078,30577,30758,29587,28604,27412,25885,24662,23107,23359,22364,21377,21331,14240,11211,13742,11789,12262,14320,14513,14184,11382,10110,11088,11496
  46 Year,29811,32237,33391,32418,32035,30291,30299,30751,30763,32369,31868,33046,32216,31531,31509,31376,31085,30559,30258,29579,28555,27416,25907,24708,23143,23416,22414,21418,21370,14292,11259,13873,11789,12250,14311,14463,14138,11359,10024,10961,11531,10275
  47 Year,31187,33183,32315,31946,30176,30193,30675,30644,32227,31749,32952,32248,31595,31446,31360,31069,30532,30232,29134,28538,27381,25906,24708,23179,23451,22452,21457,21380,14321,11309,13887,11875,12255,14292,14416,14091,11320,9936,10815,11552,10297,10074
  48 Year,32074,32144,31841,30119,30128,30613,30541,32081,31574,32766,32146,31570,31439,31230,31038,30506,30198,29098,28066,27368,25801,24689,23169,23455,22482,21471,21411,14352,11317,13897,11911,12341,14277,14372,14037,11287,9842,10672,11584,10322,10066,9557
  49 Year,31036,31607,30034,30058,30484,30449,31957,31441,32586,31991,31494,31405,31298,30916,30483,30161,29001,28095,26925,25768,24709,23141,23448,22496,21491,21417,14368,11351,13907,11943,12354,14347,14318,13984,11254,9738,10508,11602,10337,10037,9562,9443
  50 Year,30531,29793,29917,30399,30355,31855,31314,32480,31855,31284,31286,31270,30946,30348,30113,28943,27993,26847,25013,24672,23095,23422,22472,21489,21403,14359,11377,13900,11937,12379,14343,14336,13932,11208,9641,10357,11602,10362,10016,9545,9402,9677
  51 Year,28766,29737,30272,30217,31711,31192,32262,31729,31135,31158,31178,30749,30358,29998,28912,27966,26789,25017,23995,23037,23336,22453,21463,21376,14346,11390,13909,11943,12391,14338,14319,13947,11166,9530,10198,11616,10382,9990,9536,9358,9618,9440
  52 Year,28744,30060,30083,31596,31057,32188,31556,30959,30983,31013,30643,30068,29983,28778,27896,26723,24932,23992,22418,23281,22353,21421,21359,14333,11385,13883,11946,12387,14344,14304,13933,11178,9411,10039,11617,10407,9968,9521,9305,9558,9412,9059
  53 Year,29096,29865,31475,30936,31996,31445,30795,30880,30870,30526,30003,29703,28763,27779,26648,24913,23942,22387,22687,22308,21420,21308,14316,11370,13868,11932,12395,14335,14271,13912,11153,9343,9884,11621,10420,9924,9515,9248,9498,9374,9056,8099
  54 Year,28917,31230,30814,31909,31309,30716,30699,30721,30356,29834,29596,28533,27729,26573,24845,23906,22333,22684,21710,21350,21215,14287,11356,13839,11901,12386,14311,14257,13872,11140,9333,9766,11625,10431,9889,9495,9183,9417,9324,9041,8119,7363
  55 Year,30213,30624,31780,31224,30572,30595,30559,30257,29750,29526,28433,27439,26520,24760,23859,22322,22648,21699,20845,21134,14230,11312,13793,11866,12348,14282,14231,13836,11126,9306,9754,11661,10443,9845,9466,9124,9360,9288,9027,8133,7355,6993
  56 Year,29689,31511,31022,30468,30456,30411,30103,29621,29368,28306,27346,26218,24712,23762,22236,22618,21631,20803,20653,14184,11230,13753,11826,12307,14255,14188,13783,11098,9297,9736,11613,10458,9796,9439,9059,9301,9219,9009,8155,7352,6962,6954
  57 Year,30442,30724,30292,30320,30252,29951,29462,29214,28186,27213,26137,24607,23731,22162,22507,21524,20745,20625,13742,11178,13750,11769,12269,14211,14129,13755,11083,9278,9712,11551,10413,9771,9404,9006,9229,9160,8982,8177,7344,6939,6905,6978
  58 Year,29857,30068,30198,30129,29839,29362,29115,28069,27086,26008,24524,23590,22152,22427,21474,20669,20540,13737,10855,13682,11719,12214,14158,14057,13698,11057,9255,9663,11494,10375,9722,9405,8948,9149,9109,8947,8167,7325,6895,6830,6945,6347
  59 Year,29195,29943,29990,29721,29239,28957,27964,26915,25866,24385,23521,22020,22384,21367,20571,20453,13663,10825,13351,11676,12162,14079,13996,13644,11015,9222,9620,11434,10315,9680,9363,8897,9067,9046,8911,8175,7291,6841,6759,6900,6345,6369
  60 Year,29007,29736,29562,29109,28800,27824,26788,25768,24309,23405,21932,22248,21343,20510,20369,13621,10757,13317,11362,12106,13978,13888,13572,10951,9194,9575,11367,10265,9631,9291,8842,8991,8970,8858,8172,7262,6757,6683,6851,6325,6306,6439
  61 Year,28866,29325,28950,28631,27668,26660,25615,24147,23270,21784,22167,21212,20414,20251,13562,10715,13274,11312,11759,13885,13843,13476,10880,9130,9520,11284,10212,9560,9218,8791,8911,8914,8810,8178,7236,6704,6617,6816,6311,6244,6378,5955
  62 Year,28519,28705,28489,27513,26502,25483,24027,23095,21646,21986,21135,20314,20175,13512,10654,13201,11240,11711,13529,13752,13382,10823,9061,9443,11202,10159,9505,9147,8737,8851,8846,8763,8167,7192,6631,6527,6756,6301,6159,6306,5884,5950
  63 Year,27890,28262,27344,26332,25323,23916,22976,21562,21868,20961,20196,20064,13470,10593,13121,11165,11633,13487,13354,13291,10733,9007,9378,11081,10082,9434,9073,8642,8756,8775,8677,8154,7145,6546,6450,6700,6270,6052,6227,5813,5867,5658
  64 Year,27441,27127,26159,25175,23769,22840,21427,21713,20820,20079,19931,13361,10585,13039,11113,11559,13384,13286,12872,10635,8880,9286,10981,10012,9359,8973,8565,8669,8681,8574,8077,7104,6471,6360,6648,6232,5956,6150,5741,5794,5585,5285
  65 Year,26343,25953,25019,23629,22692,21308,21575,20669,19923,19761,13284,10474,13011,11017,11466,13305,13177,12769,10274,8806,9229,10853,9916,9253,8888,8458,8578,8573,8468,7983,7008,6411,6255,6598,6188,5855,6041,5659,5716,5528,5221,5339
  66 Year,25238,24825,23466,22536,21152,21451,20497,19763,19628,13163,10403,12871,10939,11390,13217,13045,12677,10213,8447,9136,10749,9806,9154,8758,8339,8487,8484,8350,7848,6926,6320,6157,6519,6167,5746,5940,5556,5624,5464,5134,5226,5051
  67 Year,24123,23248,22389,20997,21274,20366,19598,19445,13063,10318,12763,10849,11293,13096,12937,12575,10117,8372,8793,10642,9648,9028,8632,8240,8365,8364,8199,7734,6832,6232,6048,6451,6090,5640,5842,5466,5548,5389,5033,5116,4943,5232
  68 Year,22558,22163,20822,21132,20212,19463,19241,12943,10194,12638,10758,11191,12976,12811,12430,10013,8273,8709,10302,9517,8882,8500,8100,8245,8232,8081,7619,6718,6127,5953,6293,6060,5525,5718,5366,5452,5296,4947,5012,4848,5130,4876
  69 Year,21534,20598,20945,20049,19288,19083,12817,10093,12484,10627,11073,12805,12689,12311,9934,8179,8574,10169,9175,8722,8363,7965,8106,8065,7924,7463,6612,6018,5830,6118,5892,5426,5605,5269,5367,5223,4844,4883,4745,5015,4778,4547
  70 Year,20063,20714,19852,19098,18881,12666,9981,12371,10498,10933,12680,12557,12159,9794,8086,8469,10025,9048,8394,8207,7838,7937,7905,7764,7308,6493,5881,5706,5941,5740,5264,5485,5119,5259,5145,4727,4758,4636,4894,4664,4423,4252
  71 Year,20083,19627,18881,18673,12551,9896,12224,10376,10800,12517,12416,12015,9672,7951,8325,9882,8907,8252,7886,7683,7756,7756,7620,7142,6345,5745,5570,5735,5562,5100,5318,4982,5123,5047,4608,4623,4491,4784,4534,4305,4139,3783
  72 Year,19061,18620,18440,12416,9764,12070,10226,10646,12336,12216,11847,9541,7863,8168,9712,8754,8099,7755,7327,7613,7603,7445,6990,6190,5609,5398,5558,5379,4940,5151,4822,4989,4948,4474,4487,4358,4644,4414,4174,3994,3655,3609
  73 Year,18090,18160,12264,9630,11885,10116,10510,12153,12016,11649,9369,7734,8047,9494,8575,7921,7578,7182,7264,7425,7289,6815,6046,5470,5259,5344,5193,4760,4969,4642,4787,4867,4339,4363,4230,4497,4290,4027,3851,3526,3484,3088
  74 Year,17692,12068,9456,11700,9950,10357,11911,11831,11433,9209,7626,7884,9330,8392,7749,7421,7029,7099,7076,7093,6651,5873,5339,5103,5133,4986,4548,4766,4453,4576,4664,4211,4209,4086,4349,4154,3893,3710,3398,3336,2977,2814
  75 Year,11715,9287,11511,9776,10189,11693,11618,11228,9035,7465,7728,9140,8192,7560,7255,6853,6910,6923,6291,6434,5691,5186,4947,4909,4769,4364,4569,4245,4381,4458,4038,4043,na,na,na,na,na,na,na,na,na,2514
  76 Year,8999,11266,9601,9996,11475,11368,10994,8830,7280,7553,8906,7973,7357,7047,6642,6728,6718,6235,5667,5494,5002,4748,4707,4553,4173,4343,4032,4160,4224,3855,3866,3812,na,na,na,na,na,na,na,na,na,2368
  77 Year,10911,9402,9784,11231,11132,10768,8611,7137,7356,8694,7774,7142,6855,6453,6523,6509,6080,5607,4836,4830,4588,4476,4307,3978,4119,3830,3937,4003,3643,3664,3637,3904,na,na,na,na,na,na,na,na,na,2126
  78 Year,9109,9580,10967,10853,10468,8405,6933,7148,8459,7548,6931,6677,6255,6310,6283,5883,5463,4753,4154,4403,4317,4074,3767,3896,3606,3714,3762,3458,3451,3416,3668,3585,na,na,na,na,na,na,na,na,na,1882
  79 Year,9248,10682,10536,10183,8165,6745,6929,8198,7325,6700,6447,6032,6086,6042,5659,5261,4618,4087,3803,4176,3928,3556,3663,3379,3478,3531,3255,3244,3178,3422,3388,3093,na,na,na,na,na,na,na,na,na,1680
  80 Year,10263,10217,9919,7933,6529,6700,7915,7063,6492,6202,5823,5848,5791,5428,5045,4432,3943,3735,3925,3756,3392,3461,3177,3276,3283,3068,3046,2959,3161,3164,2890,2802,na,na,na,na,na,na,na,na,na,1432
  81 Year,9802,9589,7656,6302,6492,7613,6787,6254,5984,5589,5607,5537,5215,4823,4209,3756,3578,3733,3515,3256,3305,2952,3046,3045,2823,2845,2775,2934,2948,2682,2604,2329,na,na,na,na,na,na,na,na,na,1164
  82 Year,9145,7347,6066,6213,7310,6523,5979,5694,5329,5358,5292,4964,4629,3996,3603,3414,3550,3301,3004,3135,2803,2816,2814,2620,2618,2569,2704,2731,2478,2389,2134,2127,na,na,na,na,na,na,na,na,na,995
  83 Year,6987,5786,5970,6966,6216,5698,5412,5066,5096,5020,4699,4388,3801,3387,3227,3312,3121,2825,2896,2642,2666,2597,2401,2419,2343,2462,2493,2272,2196,1969,1942,1843,na,na,na,na,na,na,na,na,na,797
  84 Year,5472,5688,6605,5910,5394,5138,4760,4826,4726,4450,4166,3570,3189,3048,3123,2928,2641,2708,2425,2495,2422,2178,2197,2121,2251,2245,2063,1999,1791,1752,1655,1397,na,na,na,na,na,na,na,na,na,682
  85 Year,5363,6244,5600,5055,4832,4493,4499,4439,4173,3924,3359,2977,2850,2911,2725,2456,2514,2252,2266,2250,2045,1970,na,na,na,na,na,na,na,na,na,na,na,na,na,na,na,na,na,na,na,na
  86 Year,5797,5245,4757,4507,4199,4203,4130,3907,3655,3129,2802,2681,2683,2508,2286,2315,2081,2073,2007,1891,1795,1715,na,na,na,na,na,na,na,na,na,na,na,na,na,na,na,na,na,na,na,na
  87 Year,4893,4413,4227,3881,3880,3827,3630,3372,2876,2579,2489,2498,2309,2101,2104,1920,1906,1831,1681,1626,1550,1583,na,na,na,na,na,na,na,na,na,na,na,na,na,na,na,na,na,na,na,na
  88 Year,4039,3905,3576,3599,3524,3357,3103,2660,2349,2291,2298,2122,1913,1911,1732,1723,1672,1522,1447,1410,1430,1388,na,na,na,na,na,na,na,na,na,na,na,na,na,na,na,na,na,na,na,na
  89 Year,3573,3257,3291,3201,3057,2819,2404,2123,2060,2061,1919,1757,1732,1562,1538,1493,1343,1312,1248,1303,1235,1097,na,na,na,na,na,na,na,na,na,na,na,na,na,na,na,na,na,na,na,na
  65 Years & Over,345482,332447,315214,297995,282020,266716,252179,237680,223591,210075,196465,188811,183953,176229,170677,164485,156221,147664,138847,138425,134187,129432,123948,119220,115138,111420,108010,104238,100405,96569,93114,90443,87228,84375,80900,77711,74925,71939,69267,66560,63923,61505
  70 Years & Over,225686,215660,202573,189652,177402,165045,158451,154767,148299,143568,138184,130621,123045,115604,110693,107368,103403,97432,91856,91602,87316,83280,80041,76658,73390,70567,68519,66844,65299,63357,61553,59938,57234,54983,52391,49774,47641,45437,43297,40919,38625,36460
  75 Years & Over,130697,126471,123680,118135,114371,109940,103599,97390,91216,87044,84246,80890,75974,71805,68246,64921,61765,58096,53909,53581,50179,47454,46140,44989,43736,42602,41770,40499,39434,38149,36698,35404,33495,31755,29573,27415,25566,23865,22447,21094,19947,18914
  80 Years & Over,80715,76254,71281,66096,62942,60961,58514,54849,51761,49084,46460,43926,41229,38393,35884,33687,31976,30491,29158,28244,26653,25414,24750,24273,23591,22819,22216,21389,20557,19334,18101,16967,na,na,na,na,na,na,na,na,na,8344
  85 Years & Over,39046,37627,35065,32772,31001,29289,27661,25946,24134,22465,20873,19619,18604,17711,16677,15845,15143,14189,13393,12960,12065,11410,11115,10792,10273,9630,9136,8494,7982,7378,6876,6469,na,na,na,na,na,na,na,na,na,3274
  90 Years & Over,15381,14563,13614,12529,11509,10590,9895,9445,9021,8481,8006,7584,7117,6718,6292,5938,5627,5199,4744,4480,4010,3657,na,na,na,na,na,na,na,na,na,na,na,na,na,na,na,na,na,na,na,na
,,,,,,,,,,,,,,,,,,,,,,,,,,,,,,,,,,,,,,,,,,
Footnotes:,,,,,,,,,,,,,,,,,,,,,,,,,,,,,,,,,,,,,,,,,,
"Data refer to Singapore residents (citizens and permanent residents).  Data from 2003 onwards exclude residents who are overseas for a continuous period of 12 months or longer as at the reference period.  For more information, please refer to the 'Population Trends' publication (www.singstat.gov.sg/publications/population/population-trends) and the Information Paper on 'Singapore Resident Population, 2003-2007' (www.singstat.gov.sg/-/media/files/publications/population/respop.pdf). ",,,,,,,,,,,,,,,,,,,,,,,,,,,,,,,,,,,,,,,,,,
,,,,,,,,,,,,,,,,,,,,,,,,,,,,,,,,,,,,,,,,,,
Notation:,,,,,,,,,,,,,,,,,,,,,,,,,,,,,,,,,,,,,,,,,,
na   not available or not applicable,,,,,,,,,,,,,,,,,,,,,,,,,,,,,,,,,,,,,,,,,,
nec  not elsewhere classified,,,,,,,,,,,,,,,,,,,,,,,,,,,,,,,,,,,,,,,,,,
nes  not elsewhere specified,,,,,,,,,,,,,,,,,,,,,,,,,,,,,,,,,,,,,,,,,,
 -     nil or negligible or not significant,,,,,,,,,,,,,,,,,,,,,,,,,,,,,,,,,,,,,,,,,,
Notes,,,,,,,,,,,,,,,,,,,,,,,,,,,,,,,,,,,,,,,,,,
Numbers may not add up to the totals due to rounding.,,,,,,,,,,,,,,,,,,,,,,,,,,,,,,,,,,,,,,,,,,
"Data are the latest available at the time of access or download. Some statistics, particularly those for the most recent time periods, are provisional and may be subject to revision at a later date.",,,,,,,,,,,,,,,,,,,,,,,,,,,,,,,,,,,,,,,,,,
Values are shown in Singapore dollars (unless otherwise specified),,,,,,,,,,,,,,,,,,,,,,,,,,,,,,,,,,,,,,,,,,
,,,,,,,,,,,,,,,,,,,,,,,,,,,,,,,,,,,,,,,,,,
Generated by: SingStat Table Builder,,,,,,,,,,,,,,,,,,,,,,,,,,,,,,,,,,,,,,,,,,
Date generated: 16/04/2022,,,,,,,,,,,,,,,,,,,,,,,,,,,,,,,,,,,,,,,,,,
Contact: info@singstat.gov.sg,,,,,,,,,,,,,,,,,,,,,,,,,,,,,,,,,,,,,,,,,,